/*
SQLyog Ultimate v11.11 (64 bit)
MySQL - 5.5.5-10.3.10-MariaDB : Database - shoppingmall
*********************************************************************
*/


/*!40101 SET NAMES utf8 */;

/*!40101 SET SQL_MODE=''*/;

/*!40014 SET @OLD_UNIQUE_CHECKS=@@UNIQUE_CHECKS, UNIQUE_CHECKS=0 */;
/*!40014 SET @OLD_FOREIGN_KEY_CHECKS=@@FOREIGN_KEY_CHECKS, FOREIGN_KEY_CHECKS=0 */;
/*!40101 SET @OLD_SQL_MODE=@@SQL_MODE, SQL_MODE='NO_AUTO_VALUE_ON_ZERO' */;
/*!40111 SET @OLD_SQL_NOTES=@@SQL_NOTES, SQL_NOTES=0 */;
CREATE DATABASE /*!32312 IF NOT EXISTS*/`shoppingmall` /*!40100 DEFAULT CHARACTER SET utf8 */;

USE `shoppingmall`;

/*Table structure for table `bs_order` */

DROP TABLE IF EXISTS `bs_order`;

CREATE TABLE `bs_order` (
  `order_ID` INT(11) NOT NULL COMMENT '主键',
  `memberID` INT(11) DEFAULT NULL COMMENT '会员ID',
  `create_time` DATETIME DEFAULT NULL COMMENT '创建时间',
  `pay_time` DATETIME DEFAULT NULL COMMENT '支付时间',
  `pay_status` INT(11) DEFAULT NULL COMMENT '支付状态(未支付, 已支付)',
  `delivery_time` DATETIME DEFAULT NULL COMMENT '发货时间',
  `delivery_status` INT(11) DEFAULT NULL COMMENT '发货状态(未发货, 已发货)',
  PRIMARY KEY (`order_ID`)
) ENGINE=INNODB DEFAULT CHARSET=utf8;

/*Data for the table `bs_order` */

LOCK TABLES `bs_order` WRITE;

UNLOCK TABLES;

/*Table structure for table `bs_order_item` */

DROP TABLE IF EXISTS `bs_order_item`;

CREATE TABLE `bs_order_item` (
  `itemid` BIGINT(20) NOT NULL AUTO_INCREMENT,
  PRIMARY KEY (`itemid`)
) ENGINE=INNODB DEFAULT CHARSET=utf8;

/*Data for the table `bs_order_item` */

LOCK TABLES `bs_order_item` WRITE;

UNLOCK TABLES;

/*Table structure for table `bs_product` */

DROP TABLE IF EXISTS `bs_product`;

CREATE TABLE `bs_product` (
  `ID` BIGINT(20) NOT NULL AUTO_INCREMENT,
  `title` VARCHAR(35) DEFAULT NULL COMMENT '标题',
  `name` VARCHAR(35) DEFAULT NULL COMMENT '商品名称',
  `price` DECIMAL(16,2) DEFAULT NULL COMMENT '价格',
  `shelves_flag` TINYINT(1) DEFAULT NULL COMMENT '上下架标识(0:下架, 1:上架)',
  `desc` TEXT DEFAULT NULL COMMENT '商品描述',
  `create_time` DATETIME DEFAULT NULL COMMENT '添加时间',
  PRIMARY KEY (`ID`)
) ENGINE=INNODB DEFAULT CHARSET=utf8;

/*Data for the table `bs_product` */

LOCK TABLES `bs_product` WRITE;

UNLOCK TABLES;

/*Table structure for table `bs_product_category` */

DROP TABLE IF EXISTS `bs_product_category`;

CREATE TABLE `bs_product_category` (
  `ID` INT(11) NOT NULL COMMENT '主键',
  `name` VARCHAR(35) DEFAULT NULL COMMENT '名字',
  `parent_id` MEDIUMINT(11) DEFAULT NULL COMMENT '父级ID',
  `parent_ids` VARCHAR(35) DEFAULT NULL COMMENT '所有父级编号',
  `sort` MEDIUMINT(11) DEFAULT NULL COMMENT '排序',
  `del_flag` TINYINT(1) DEFAULT NULL COMMENT '逻辑删除标记(1:有效 -1:删除)',
  `isShow` TINYINT(4) DEFAULT NULL COMMENT '是否显示(0:隐藏 1:显示)',
  PRIMARY KEY (`ID`)
) ENGINE=INNODB DEFAULT CHARSET=utf8;

/*Data for the table `bs_product_category` */

LOCK TABLES `bs_product_category` WRITE;

INSERT  INTO `bs_product_category`(`ID`,`name`,`parent_id`,`parent_ids`,`sort`,`del_flag`,`isShow`) VALUES (1,'水果',0,'-1',1,1,1),(2,'进口水果',1,'1',2,1,1),(3,'热带水果',1,'1',3,1,1),(4,'苹果梨',1,'1',4,1,1),(5,'葡萄提子',1,'1',5,1,1),(6,'橙柑橘柚',1,'1',6,1,1),(7,'奇异果',1,'1',7,1,1),(8,'蓝莓车厘子',1,'1',8,1,1),(9,'西瓜蜜瓜',1,'1',9,1,1),(10,'桃杏李',1,'1',10,1,1),(11,'水果礼盒',1,'1',11,1,1);

UNLOCK TABLES;

/*Table structure for table `member` */

DROP TABLE IF EXISTS `member`;

CREATE TABLE `member` (
  `memberID` BIGINT(20) NOT NULL COMMENT '主键',
  `name` VARCHAR(35) DEFAULT NULL COMMENT '呢称',
  `email` VARCHAR(50) DEFAULT NULL COMMENT '邮箱地址',
  `mobile` VARCHAR(15) DEFAULT NULL COMMENT '手机号码',
  `pws` VARCHAR(60) DEFAULT NULL COMMENT '密码(加密后)',
  `gradeID` INT(11) DEFAULT NULL COMMENT '会员等级ID',
  `parentID` BIGINT(20) DEFAULT NULL COMMENT '主账号ID(0:主账号默认值)',
  `flag` TINYINT(4) DEFAULT NULL COMMENT '标识(0:子账号, 1:主账号)',
  `login_lock` TINYINT(1) DEFAULT NULL COMMENT '登陆锁(0:不可登陆, 1:可登陆)',
  `register_time` DATETIME DEFAULT NULL COMMENT '注册时间',
  PRIMARY KEY (`memberID`)
) ENGINE=INNODB DEFAULT CHARSET=utf8;

/*Data for the table `member` */

LOCK TABLES `member` WRITE;

INSERT  INTO `member`(`memberID`,`name`,`email`,`mobile`,`pws`,`gradeID`,`parentID`,`flag`,`login_lock`,`register_time`) VALUES (1,'andy_lin','21654428@qq.com','13559193463','$2a$10$4sZOkfJK1GwiIQ2DBxQVmuQY1kOTwM/.vZ/HjPiOi55vkgLvZaK0i',1,0,1,1,'2018-06-29 11:35:56'),(2,'tom','linshaoj@gmail.com','13559193461','$2a$10$Zsas6QTnH9Z9Cbp.tW4AFO/TKglVc5vDVatDMZ1DKkeZlh5omVpfO',1,1,0,1,'2018-06-30 22:17:40'),(3,'aaa','21654421@qq.com','13559193462','$2a$10$0a1MvQeK4nt/LIpF7cRnGOlPrMCXX7RJkJhduoM0AZJtHMZ2WaWmm',1,0,1,0,'2018-07-01 08:08:55'),(4,'bbb','66654421@qq.com','13559193460','$2a$10$mbKgFn86WNZyiz.Z6uB7aulu8fUlmqS4AMn.dtN2XQdFuT7QgbGwe',1,0,1,1,'2018-07-01 08:09:26'),(5,'ccc','12654421@qq.com','13559193464','$2a$10$79dZXz4cnYaCTocCXNE4PetMpCPAZcX2YUsqsTdsXfFDBzbnjiGIG',1,0,1,1,'2018-07-01 08:09:47'),(6,'ddd','66654421@qq.com','13559193465','$2a$10$b.ZNmqfyMFsY4JBYqVzyo.9kIkcQJH.iBoNOSKLoiZuGCmo4NlYFG',1,0,1,1,'2018-07-01 08:10:10'),(7,'eee','789654421@qq.com','13559198665','$2a$10$yVGXF3.HI/j6HslGzxCtBe.gpukEGJYXiMw1s3JieO7tls05Go2PS',1,0,1,0,'2018-07-01 08:11:09'),(8,'fff','7896421@qq.com','13553298665','$2a$10$7YUqDq7Tp43exJQpT3pmPeHA1647JM4nZ.tI5R1R9Zz5eoZUWKUOi',2,0,1,1,'2018-07-01 08:11:30'),(9,'ggg','66654426@qq.com','13553298655','$2a$10$.c3DrGQIpaR5D1uOtKRzjeX1qSOoVTI.CjFJbpLQB7L1vywedHB7O',2,0,1,0,'2018-07-01 08:11:53'),(10,'hhh','98654426@qq.com','15853298655','111111',2,0,1,1,'2018-07-01 08:12:23'),(11,'iii','7894421@qq.com','15876298655','111111',3,0,1,0,'2018-07-01 08:12:42'),(12,'jjj','77754421@qq.com','13786298655','111111',3,0,1,1,'2018-07-01 08:32:44'),(13,'kkk','78964216@qq.com','13686298655','$2a$10$tZmiiw4SbKzgePFEuovTTO0dL6QATrJEZ.NQzaXt8Fs7k1vGC1i92',3,0,1,0,'2018-07-01 08:33:02'),(14,'lll','666544221@qq.com','13986298655','111111',1,0,1,1,'2018-07-01 08:33:27'),(15,'mmm','664221@qq.com','13986298698','$2a$10$v.pDP2j0Enkya4GAKQpn2.IBeTp8lvAmNMCwWVpIo17Mx9d7FEBQG',1,0,1,1,'2018-07-01 08:34:06'),(16,'nnn','66422541@qq.com','13938698698','111111',2,0,1,1,'2018-07-01 08:34:34'),(17,'ooo','66422991@qq.com','13938698633','111111',2,0,1,0,'2018-07-07 10:20:01'),(18,'ppp','66444221@qq.com','13938698643','111111',2,0,1,1,'2018-07-07 10:20:22'),(19,'qqq','789442891@qq.com','16538698633','111111',3,0,1,1,'2018-07-07 10:20:48'),(20,'rrr','98678654426@qq.com','13793298665','111111',3,0,1,0,'2018-07-07 10:21:14'),(21,'sss','6644467221@qq.com','13792198665','111111',3,0,1,1,'2018-07-07 10:21:44');

UNLOCK TABLES;

/*Table structure for table `member_capital_account` */

DROP TABLE IF EXISTS `member_capital_account`;

CREATE TABLE `member_capital_account` (
  `memberID` INT(11) NOT NULL COMMENT '主键(会员ID)',
  `total` DECIMAL(16,2) DEFAULT NULL COMMENT '资金总额',
  `use_money` DECIMAL(16,2) DEFAULT NULL COMMENT '可用金额',
  `freeze_money` DECIMAL(16,2) DEFAULT NULL COMMENT '冻结金额',
  `version` INT(11) DEFAULT NULL COMMENT '版本号',
  PRIMARY KEY (`memberID`)
) ENGINE=INNODB DEFAULT CHARSET=utf8;

/*Data for the table `member_capital_account` */

LOCK TABLES `member_capital_account` WRITE;

INSERT  INTO `member_capital_account`(`memberID`,`total`,`use_money`,`freeze_money`,`version`) VALUES (1,0.00,0.00,0.00,1),(2,0.00,0.00,0.00,1),(3,0.00,0.00,0.00,1),(4,0.00,0.00,0.00,1),(5,0.00,0.00,0.00,1),(6,0.00,0.00,0.00,1),(7,0.00,0.00,0.00,1),(8,0.00,0.00,0.00,1),(9,0.00,0.00,0.00,1),(10,0.00,0.00,0.00,1),(11,0.00,0.00,0.00,1),(12,0.00,0.00,0.00,1),(13,0.00,0.00,0.00,1),(14,0.00,0.00,0.00,1),(15,0.00,0.00,0.00,1),(16,0.00,0.00,0.00,1),(17,0.00,0.00,0.00,1),(18,0.00,0.00,0.00,1),(19,0.00,0.00,0.00,1),(20,0.00,0.00,0.00,1),(21,0.00,0.00,0.00,1);

UNLOCK TABLES;

/*Table structure for table `member_capital_account_log` */

DROP TABLE IF EXISTS `member_capital_account_log`;

CREATE TABLE `member_capital_account_log` (
  `ID` INT(11) NOT NULL AUTO_INCREMENT COMMENT '主键',
  `memberID` INT(11) DEFAULT NULL COMMENT '操作会员ID',
  `be_operation_memberID` INT(11) DEFAULT NULL COMMENT '被操作会员ID',
  `create_time` DATETIME DEFAULT NULL COMMENT '操作时间',
  `business_type` INT(11) DEFAULT NULL COMMENT '业务类型',
  `handle_type` INT(11) DEFAULT NULL COMMENT '操作类型',
  `old_total` DECIMAL(16,2) DEFAULT NULL COMMENT '改变前资金总额',
  `old_use_money` DECIMAL(16,2) DEFAULT NULL COMMENT '改变前可用金额',
  `old_freeze_money` DECIMAL(16,2) DEFAULT NULL COMMENT '改变前冻结金额',
  `money` DECIMAL(16,2) DEFAULT NULL COMMENT '金额',
  `new_total` DECIMAL(16,2) DEFAULT NULL COMMENT '改变后资金总额',
  `new_use_money` DECIMAL(16,2) DEFAULT NULL COMMENT '改变后可用金额',
  `new_freeze_money` DECIMAL(16,2) DEFAULT NULL COMMENT '改变后冻结金额',
  PRIMARY KEY (`ID`)
) ENGINE=INNODB DEFAULT CHARSET=utf8;

/*Data for the table `member_capital_account_log` */

LOCK TABLES `member_capital_account_log` WRITE;

UNLOCK TABLES;

/*Table structure for table `member_grade` */

DROP TABLE IF EXISTS `member_grade`;

CREATE TABLE `member_grade` (
  `gradeID` INT(11) NOT NULL AUTO_INCREMENT COMMENT '主键',
  `name` VARCHAR(20) DEFAULT NULL COMMENT '等级名称',
  `imgSrc` VARCHAR(150) DEFAULT NULL COMMENT '图标',
  `rebate` VARCHAR(10) DEFAULT NULL COMMENT '折扣',
  `delFlag` TINYINT(1) DEFAULT NULL COMMENT '删除标志(0:正常 1:删除)',
  PRIMARY KEY (`gradeID`)
) ENGINE=INNODB AUTO_INCREMENT=6 DEFAULT CHARSET=utf8;

/*Data for the table `member_grade` */

LOCK TABLES `member_grade` WRITE;

INSERT  INTO `member_grade`(`gradeID`,`name`,`imgSrc`,`rebate`,`delFlag`) VALUES (1,'普通会员',NULL,NULL,1),(2,'白银会员',NULL,NULL,1),(3,'黄金会员',NULL,NULL,1),(4,'钻石会员',NULL,NULL,1);

UNLOCK TABLES;

/*Table structure for table `member_integral_account` */

DROP TABLE IF EXISTS `member_integral_account`;

CREATE TABLE `member_integral_account` (
  `memberID` INT(11) NOT NULL COMMENT '主键',
  `total` DECIMAL(16,2) DEFAULT NULL,
  `use_money` DECIMAL(16,2) DEFAULT NULL,
  `freeze_money` DECIMAL(16,2) DEFAULT NULL,
  `version` INT(11) DEFAULT NULL,
  PRIMARY KEY (`memberID`)
) ENGINE=INNODB DEFAULT CHARSET=utf8;

/*Data for the table `member_integral_account` */

LOCK TABLES `member_integral_account` WRITE;

UNLOCK TABLES;

/*Table structure for table `member_recharge` */

DROP TABLE IF EXISTS `member_recharge`;

CREATE TABLE `member_recharge` (
  `rechargeID` BIGINT(20) NOT NULL AUTO_INCREMENT COMMENT '主键',
  `memberID` BIGINT(20) DEFAULT NULL COMMENT '会员ID',
  `createTime` DATETIME DEFAULT NULL COMMENT '充值时间',
  `beforeMoney` DECIMAL(16,2) DEFAULT NULL COMMENT '充值前资金额户可用余额',
  `money` DECIMAL(16,2) DEFAULT NULL COMMENT '充值金额',
  `afterMoney` DECIMAL(16,2) DEFAULT NULL COMMENT '充值后资金额户可用余额',
  `mode` TINYINT(1) DEFAULT NULL COMMENT '充值方式(1:微信, 2:支付宝)',
  `platformSerialNumber` VARCHAR(100) DEFAULT NULL COMMENT '平台流水号',
  PRIMARY KEY (`rechargeID`)
) ENGINE=INNODB AUTO_INCREMENT=19 DEFAULT CHARSET=utf8;

/*Data for the table `member_recharge` */

LOCK TABLES `member_recharge` WRITE;

INSERT  INTO `member_recharge`(`rechargeID`,`memberID`,`createTime`,`beforeMoney`,`money`,`afterMoney`,`mode`,`platformSerialNumber`) VALUES (1,1,'2018-10-08 16:39:54',10.00,60.00,70.00,2,'fqwefqf'),(2,1,'2018-10-08 19:56:17',20.00,10.00,30.00,1,'fwefwefq'),(3,1,'2018-10-08 19:57:31',30.00,90.00,120.00,1,'fwqfqwefqe'),(4,1,'2018-10-08 19:57:49',10.00,10.00,20.00,1,'fwefwe'),(5,1,'2018-10-08 19:58:18',5.00,5.00,10.00,1,'fwefqwefqwef'),(6,1,'2018-10-08 19:58:28',1.00,1.00,2.00,1,'fqwefwefwef'),(7,1,'2018-10-08 19:58:37',2.00,2.00,4.00,1,'fwqefqwef'),(8,1,'2018-10-08 19:58:48',3.00,3.00,6.00,1,'fqwefqwef'),(9,1,'2018-10-08 19:59:03',5.00,5.00,10.00,1,'fqwefqwef'),(10,1,'2018-10-08 19:59:14',1.00,1.00,2.00,1,'fqwefqwef'),(11,1,'2018-10-08 19:59:25',7.00,10.00,17.00,1,'fqwefqewf'),(12,1,'2018-10-08 20:10:13',4.00,4.00,8.00,1,'gewrgwergwerg'),(13,1,'2018-10-08 20:10:36',11.00,20.00,31.00,1,'fqwefqwef'),(14,1,'2018-10-08 20:11:18',20.00,20.00,40.00,1,'fqwefqwefqwef'),(15,1,'2018-10-08 20:12:12',50.00,100.00,150.00,1,'gfewgrwergwerg'),(16,1,'2018-10-08 20:12:29',60.00,50.00,110.00,1,'fgqwfqwef'),(17,2,'2018-10-09 19:11:00',10.00,20.00,30.00,2,'fqwefqwefqewf'),(18,1,'2018-10-05 20:28:12',1.00,1.00,2.00,1,'fqwfeqwefwqef');

UNLOCK TABLES;

/*Table structure for table `member_store` */

DROP TABLE IF EXISTS `member_store`;

CREATE TABLE `member_store` (
  `storeID` BIGINT(20) NOT NULL AUTO_INCREMENT COMMENT '主键',
  `memberID` BIGINT(20) DEFAULT NULL COMMENT '所属会员',
  `name` VARCHAR(100) DEFAULT NULL COMMENT '门店名称',
  `linkMan` VARCHAR(50) DEFAULT NULL COMMENT '联系人',
  `mobile` VARCHAR(15) DEFAULT NULL COMMENT '联系人手机号码',
  `province` VARCHAR(15) DEFAULT NULL COMMENT '省',
  `city` VARCHAR(15) DEFAULT NULL COMMENT '市',
  `district` VARCHAR(15) DEFAULT NULL COMMENT '区/县',
  `state` TINYINT(4) DEFAULT NULL COMMENT '状态(0:验证通过, 未验证, 验证失败)',
  `createTime` DATETIME DEFAULT NULL COMMENT '添加时间',
  PRIMARY KEY (`storeID`)
) ENGINE=INNODB AUTO_INCREMENT=3 DEFAULT CHARSET=utf8;

/*Data for the table `member_store` */

LOCK TABLES `member_store` WRITE;

INSERT  INTO `member_store`(`storeID`,`memberID`,`name`,`linkMan`,`mobile`,`province`,`city`,`district`,`state`,`createTime`) VALUES (1,1,'a',NULL,NULL,NULL,NULL,NULL,NULL,NULL),(2,1,'b',NULL,NULL,NULL,NULL,NULL,NULL,NULL);

UNLOCK TABLES;

/*Table structure for table `member_withdraw_cash` */

DROP TABLE IF EXISTS `member_withdraw_cash`;

CREATE TABLE `member_withdraw_cash` (
  `withdrawCashID` BIGINT(20) NOT NULL AUTO_INCREMENT COMMENT '主键',
  `memberID` BIGINT(20) DEFAULT NULL COMMENT '会员ID',
  `createTime` DATETIME DEFAULT NULL COMMENT '提现时间',
  `money` DECIMAL(16,2) DEFAULT NULL COMMENT '提现金额',
  `beforeMoney` DECIMAL(16,2) DEFAULT NULL COMMENT '提现前资金额户可用余额',
  `afterMoney` DECIMAL(16,2) DEFAULT NULL COMMENT '提现后资金额户可用余额',
  PRIMARY KEY (`withdrawCashID`)
) ENGINE=INNODB DEFAULT CHARSET=utf8;

/*Data for the table `member_withdraw_cash` */

LOCK TABLES `member_withdraw_cash` WRITE;

UNLOCK TABLES;

/*Table structure for table `product_category` */

DROP TABLE IF EXISTS `product_category`;

CREATE TABLE `product_category` (
  `categoryID` INT(11) NOT NULL AUTO_INCREMENT COMMENT '主键ID',
  `name` VARCHAR(35) DEFAULT NULL COMMENT '分类名称',
  `parentID` INT(11) DEFAULT 0 COMMENT '父级',
  `sort` DECIMAL(16,2) DEFAULT NULL COMMENT '排序号',
  `showFlag` TINYINT(1) DEFAULT NULL COMMENT '是否显示(0:不显示, 1:显示)',
  `icon_1` VARCHAR(100) DEFAULT NULL COMMENT '图标地址',
  `icon_2` VARCHAR(100) DEFAULT NULL,
  `icon_3` VARCHAR(100) DEFAULT NULL,
  PRIMARY KEY (`categoryID`)
) ENGINE=INNODB AUTO_INCREMENT=25 DEFAULT CHARSET=utf8;

/*Data for the table `product_category` */

LOCK TABLES `product_category` WRITE;

INSERT  INTO `product_category`(`categoryID`,`name`,`parentID`,`sort`,`showFlag`,`icon_1`,`icon_2`,`icon_3`) VALUES (1,'水果',0,1.11,1,NULL,NULL,NULL),(4,'进口水果',1,1.11,1,NULL,NULL,NULL),(5,'热带水果',1,1.12,1,NULL,NULL,NULL),(6,'苹果梨',1,1.13,1,NULL,NULL,NULL),(7,'葡萄提子',1,1.14,1,NULL,NULL,NULL),(8,'橙柑橘柚',1,1.15,1,NULL,NULL,NULL),(9,'蔬菜',0,1.12,1,NULL,NULL,NULL),(10,'肉鱼禽蛋',0,1.13,1,NULL,NULL,NULL),(11,'粮油调味',0,1.14,1,NULL,NULL,NULL),(12,'熟食面点',0,1.15,1,NULL,NULL,NULL),(13,'牛奶面包',0,1.16,1,NULL,NULL,NULL),(14,'绿色认证蔬菜',9,1.11,1,NULL,NULL,NULL),(15,'叶菜',9,1.12,1,NULL,NULL,NULL),(16,'酒水冷冻',0,1.17,1,NULL,NULL,NULL),(17,'冷藏冷冻',0,1.18,1,NULL,NULL,NULL),(18,'体闲零食',0,1.19,1,NULL,NULL,NULL),(19,'日用清洁',0,2.11,1,NULL,NULL,NULL),(20,'护理美妆',0,2.12,1,NULL,NULL,NULL),(21,'地方特产',0,2.14,1,NULL,NULL,NULL),(22,'母婴',0,2.15,1,NULL,NULL,NULL),(23,'宠物',0,2.15,1,NULL,NULL,NULL),(24,'进口商品',0,2.13,1,NULL,NULL,NULL);

UNLOCK TABLES;

/*Table structure for table `sys_area` */

DROP TABLE IF EXISTS `sys_area`;

CREATE TABLE `sys_area` (
  `areaID` VARCHAR(64) NOT NULL DEFAULT '' COMMENT '编号',
  `parentID` VARCHAR(64) DEFAULT NULL COMMENT '父级编号',
  `name` VARCHAR(100) DEFAULT NULL COMMENT '名称',
  `sort` DECIMAL(10,0) DEFAULT NULL COMMENT '排序',
  `code` VARCHAR(100) DEFAULT NULL COMMENT '区域编码',
  `grade` CHAR(1) DEFAULT NULL COMMENT '区域类型',
  `delFlag` TINYINT(1) DEFAULT NULL COMMENT '删除标记',
  PRIMARY KEY (`areaID`)
) ENGINE=INNODB DEFAULT CHARSET=utf8 COMMENT='区域表; InnoDB free: 34816 kB';

/*Data for the table `sys_area` */

LOCK TABLES `sys_area` WRITE;

INSERT  INTO `sys_area`(`areaID`,`parentID`,`name`,`sort`,`code`,`grade`,`delFlag`) VALUES ('0','-1','中国',30,'860000','1',0),('110000','0','北京市',1,'110000','1',0),('110100','110000','市辖区',1,'110100','2',0),('110101','110100','东城区',1,'110101','3',0),('110102','110100','西城区',2,'110102','3',0),('110103','110100','崇文区',3,'110103','3',0),('110104','110100','宣武区',4,'110104','3',0),('110105','110100','朝阳区',5,'110105','3',0),('110106','110100','丰台区',6,'110106','3',0),('110107','110100','石景山区',7,'110107','3',0),('110108','110100','海淀区',8,'110108','3',0),('110109','110100','门头沟区',9,'110109','3',0),('110111','110100','房山区',10,'110111','3',0),('110112','110100','通州区',11,'110112','3',0),('110113','110100','顺义区',12,'110113','3',0),('110114','110100','昌平区',13,'110114','3',0),('110115','110100','大兴区',14,'110115','3',0),('110116','110100','怀柔区',15,'110116','3',0),('110117','110100','平谷区',16,'110117','3',0),('110200','110000','市辖县',2,'110200','2',0),('110228','110200','密云县',1,'110228','3',0),('110229','110200','延庆县',2,'110229','3',0),('120000','0','天津市',2,'120000','1',0),('120100','120000','市辖区',1,'120100','2',0),('120101','120100','和平区',1,'120101','3',0),('120102','120100','河东区',2,'120102','3',0),('120103','120100','河西区',3,'120103','3',0),('120104','120100','南开区',4,'120104','3',0),('120105','120100','河北区',5,'120105','3',0),('120106','120100','红桥区',6,'120106','3',0),('120107','120100','塘沽区',7,'120107','3',0),('120108','120100','汉沽区',8,'120108','3',0),('120109','120100','大港区',9,'120109','3',0),('120110','120100','东丽区',10,'120110','3',0),('120111','120100','西青区',11,'120111','3',0),('120112','120100','津南区',12,'120112','3',0),('120113','120100','北辰区',13,'120113','3',0),('120114','120100','武清区',14,'120114','3',0),('120115','120100','宝坻区',15,'120115','3',0),('120200','120000','市辖县',2,'120200','2',0),('120221','120200','宁河县',1,'120221','3',0),('120223','120200','静海县',2,'120223','3',0),('120225','120200','蓟　县',3,'120225','3',0),('130000','0','河北省',3,'130000','1',0),('130100','130000','石家庄市',1,'130100','2',0),('130102','130100','长安区',2,'130102','3',0),('130103','130100','桥东区',3,'130103','3',0),('130104','130100','桥西区',4,'130104','3',0),('130105','130100','新华区',5,'130105','3',0),('130107','130100','井陉矿区',6,'130107','3',0),('130108','130100','裕华区',7,'130108','3',0),('130121','130100','井陉县',8,'130121','3',0),('130123','130100','正定县',9,'130123','3',0),('130124','130100','栾城县',10,'130124','3',0),('130125','130100','行唐县',11,'130125','3',0),('130126','130100','灵寿县',12,'130126','3',0),('130127','130100','高邑县',13,'130127','3',0),('130128','130100','深泽县',14,'130128','3',0),('130129','130100','赞皇县',15,'130129','3',0),('130130','130100','无极县',16,'130130','3',0),('130131','130100','平山县',17,'130131','3',0),('130132','130100','元氏县',18,'130132','3',0),('130133','130100','赵　县',19,'130133','3',0),('130181','130100','辛集市',20,'130181','3',0),('130182','130100','藁城市',21,'130182','3',0),('130183','130100','晋州市',22,'130183','3',0),('130184','130100','新乐市',23,'130184','3',0),('130185','130100','鹿泉市',24,'130185','3',0),('130200','130000','唐山市',2,'130200','2',0),('130202','130200','路南区',2,'130202','3',0),('130203','130200','路北区',3,'130203','3',0),('130204','130200','古冶区',4,'130204','3',0),('130205','130200','开平区',5,'130205','3',0),('130207','130200','丰南区',6,'130207','3',0),('130208','130200','丰润区',7,'130208','3',0),('130223','130200','滦　县',8,'130223','3',0),('130224','130200','滦南县',9,'130224','3',0),('130225','130200','乐亭县',10,'130225','3',0),('130227','130200','迁西县',11,'130227','3',0),('130229','130200','玉田县',12,'130229','3',0),('130230','130200','唐海县',13,'130230','3',0),('130281','130200','遵化市',14,'130281','3',0),('130283','130200','迁安市',15,'130283','3',0),('130300','130000','秦皇岛市',3,'130300','2',0),('130302','130300','海港区',2,'130302','3',0),('130303','130300','山海关区',3,'130303','3',0),('130304','130300','北戴河区',4,'130304','3',0),('130321','130300','青龙满族自治县',5,'130321','3',0),('130322','130300','昌黎县',6,'130322','3',0),('130323','130300','抚宁县',7,'130323','3',0),('130324','130300','卢龙县',8,'130324','3',0),('130400','130000','邯郸市',4,'130400','2',0),('130402','130400','邯山区',2,'130402','3',0),('130403','130400','丛台区',3,'130403','3',0),('130404','130400','复兴区',4,'130404','3',0),('130406','130400','峰峰矿区',5,'130406','3',0),('130421','130400','邯郸县',6,'130421','3',0),('130423','130400','临漳县',7,'130423','3',0),('130424','130400','成安县',8,'130424','3',0),('130425','130400','大名县',9,'130425','3',0),('130426','130400','涉　县',10,'130426','3',0),('130427','130400','磁　县',11,'130427','3',0),('130428','130400','肥乡县',12,'130428','3',0),('130429','130400','永年县',13,'130429','3',0),('130430','130400','邱　县',14,'130430','3',0),('130431','130400','鸡泽县',15,'130431','3',0),('130432','130400','广平县',16,'130432','3',0),('130433','130400','馆陶县',17,'130433','3',0),('130434','130400','魏　县',18,'130434','3',0),('130435','130400','曲周县',19,'130435','3',0),('130481','130400','武安市',20,'130481','3',0),('130500','130000','邢台市',5,'130500','2',0),('130502','130500','桥东区',2,'130502','3',0),('130503','130500','桥西区',3,'130503','3',0),('130521','130500','邢台县',4,'130521','3',0),('130522','130500','临城县',5,'130522','3',0),('130523','130500','内丘县',6,'130523','3',0),('130524','130500','柏乡县',7,'130524','3',0),('130525','130500','隆尧县',8,'130525','3',0),('130526','130500','任　县',9,'130526','3',0),('130527','130500','南和县',10,'130527','3',0),('130528','130500','宁晋县',11,'130528','3',0),('130529','130500','巨鹿县',12,'130529','3',0),('130530','130500','新河县',13,'130530','3',0),('130531','130500','广宗县',14,'130531','3',0),('130532','130500','平乡县',15,'130532','3',0),('130533','130500','威　县',16,'130533','3',0),('130534','130500','清河县',17,'130534','3',0),('130535','130500','临西县',18,'130535','3',0),('130581','130500','南宫市',19,'130581','3',0),('130582','130500','沙河市',20,'130582','3',0),('130600','130000','保定市',6,'130600','2',0),('130602','130600','新市区',2,'130602','3',0),('130603','130600','北市区',3,'130603','3',0),('130604','130600','南市区',4,'130604','3',0),('130621','130600','满城县',5,'130621','3',0),('130622','130600','清苑县',6,'130622','3',0),('130623','130600','涞水县',7,'130623','3',0),('130624','130600','阜平县',8,'130624','3',0),('130625','130600','徐水县',9,'130625','3',0),('130626','130600','定兴县',10,'130626','3',0),('130627','130600','唐　县',11,'130627','3',0),('130628','130600','高阳县',12,'130628','3',0),('130629','130600','容城县',13,'130629','3',0),('130630','130600','涞源县',14,'130630','3',0),('130631','130600','望都县',15,'130631','3',0),('130632','130600','安新县',16,'130632','3',0),('130633','130600','易　县',17,'130633','3',0),('130634','130600','曲阳县',18,'130634','3',0),('130635','130600','蠡　县',19,'130635','3',0),('130636','130600','顺平县',20,'130636','3',0),('130637','130600','博野县',21,'130637','3',0),('130638','130600','雄　县',22,'130638','3',0),('130681','130600','涿州市',23,'130681','3',0),('130682','130600','定州市',24,'130682','3',0),('130683','130600','安国市',25,'130683','3',0),('130684','130600','高碑店市',26,'130684','3',0),('130700','130000','张家口市',7,'130700','2',0),('130702','130700','桥东区',2,'130702','3',0),('130703','130700','桥西区',3,'130703','3',0),('130705','130700','宣化区',4,'130705','3',0),('130706','130700','下花园区',5,'130706','3',0),('130721','130700','宣化县',6,'130721','3',0),('130722','130700','张北县',7,'130722','3',0),('130723','130700','康保县',8,'130723','3',0),('130724','130700','沽源县',9,'130724','3',0),('130725','130700','尚义县',10,'130725','3',0),('130726','130700','蔚　县',11,'130726','3',0),('130727','130700','阳原县',12,'130727','3',0),('130728','130700','怀安县',13,'130728','3',0),('130729','130700','万全县',14,'130729','3',0),('130730','130700','怀来县',15,'130730','3',0),('130731','130700','涿鹿县',16,'130731','3',0),('130732','130700','赤城县',17,'130732','3',0),('130733','130700','崇礼县',18,'130733','3',0),('130800','130000','承德市',8,'130800','2',0),('130802','130800','双桥区',2,'130802','3',0),('130803','130800','双滦区',3,'130803','3',0),('130804','130800','鹰手营子矿区',4,'130804','3',0),('130821','130800','承德县',5,'130821','3',0),('130822','130800','兴隆县',6,'130822','3',0),('130823','130800','平泉县',7,'130823','3',0),('130824','130800','滦平县',8,'130824','3',0),('130825','130800','隆化县',9,'130825','3',0),('130826','130800','丰宁满族自治县',10,'130826','3',0),('130827','130800','宽城满族自治县',11,'130827','3',0),('130828','130800','围场满族蒙古族自治县',12,'130828','3',0),('130900','130000','沧州市',9,'130900','2',0),('130902','130900','新华区',2,'130902','3',0),('130903','130900','运河区',3,'130903','3',0),('130921','130900','沧　县',4,'130921','3',0),('130922','130900','青　县',5,'130922','3',0),('130923','130900','东光县',6,'130923','3',0),('130924','130900','海兴县',7,'130924','3',0),('130925','130900','盐山县',8,'130925','3',0),('130926','130900','肃宁县',9,'130926','3',0),('130927','130900','南皮县',10,'130927','3',0),('130928','130900','吴桥县',11,'130928','3',0),('130929','130900','献　县',12,'130929','3',0),('130930','130900','孟村回族自治县',13,'130930','3',0),('130981','130900','泊头市',14,'130981','3',0),('130982','130900','任丘市',15,'130982','3',0),('130983','130900','黄骅市',16,'130983','3',0),('130984','130900','河间市',17,'130984','3',0),('131000','130000','廊坊市',10,'131000','2',0),('131002','131000','安次区',2,'131002','3',0),('131003','131000','广阳区',3,'131003','3',0),('131022','131000','固安县',4,'131022','3',0),('131023','131000','永清县',5,'131023','3',0),('131024','131000','香河县',6,'131024','3',0),('131025','131000','大城县',7,'131025','3',0),('131026','131000','文安县',8,'131026','3',0),('131028','131000','大厂回族自治县',9,'131028','3',0),('131081','131000','霸州市',10,'131081','3',0),('131082','131000','三河市',11,'131082','3',0),('131100','130000','衡水市',11,'131100','2',0),('131102','131100','桃城区',2,'131102','3',0),('131121','131100','枣强县',3,'131121','3',0),('131122','131100','武邑县',4,'131122','3',0),('131123','131100','武强县',5,'131123','3',0),('131124','131100','饶阳县',6,'131124','3',0),('131125','131100','安平县',7,'131125','3',0),('131126','131100','故城县',8,'131126','3',0),('131127','131100','景　县',9,'131127','3',0),('131128','131100','阜城县',10,'131128','3',0),('131181','131100','冀州市',11,'131181','3',0),('131182','131100','深州市',12,'131182','3',0),('140000','0','山西省',4,'140000','1',0),('140100','140000','太原市',1,'140100','2',0),('140105','140100','小店区',2,'140105','3',0),('140106','140100','迎泽区',3,'140106','3',0),('140107','140100','杏花岭区',4,'140107','3',0),('140108','140100','尖草坪区',5,'140108','3',0),('140109','140100','万柏林区',6,'140109','3',0),('140110','140100','晋源区',7,'140110','3',0),('140121','140100','清徐县',8,'140121','3',0),('140122','140100','阳曲县',9,'140122','3',0),('140123','140100','娄烦县',10,'140123','3',0),('140181','140100','古交市',11,'140181','3',0),('140200','140000','大同市',2,'140200','2',0),('140202','140200','城　区',2,'140202','3',0),('140203','140200','矿　区',3,'140203','3',0),('140211','140200','南郊区',4,'140211','3',0),('140212','140200','新荣区',5,'140212','3',0),('140221','140200','阳高县',6,'140221','3',0),('140222','140200','天镇县',7,'140222','3',0),('140223','140200','广灵县',8,'140223','3',0),('140224','140200','灵丘县',9,'140224','3',0),('140225','140200','浑源县',10,'140225','3',0),('140226','140200','左云县',11,'140226','3',0),('140227','140200','大同县',12,'140227','3',0),('140300','140000','阳泉市',3,'140300','2',0),('140302','140300','城　区',2,'140302','3',0),('140303','140300','矿　区',3,'140303','3',0),('140311','140300','郊　区',4,'140311','3',0),('140321','140300','平定县',5,'140321','3',0),('140322','140300','盂　县',6,'140322','3',0),('140400','140000','长治市',4,'140400','2',0),('140402','140400','城　区',2,'140402','3',0),('140411','140400','郊　区',3,'140411','3',0),('140421','140400','长治县',4,'140421','3',0),('140423','140400','襄垣县',5,'140423','3',0),('140424','140400','屯留县',6,'140424','3',0),('140425','140400','平顺县',7,'140425','3',0),('140426','140400','黎城县',8,'140426','3',0),('140427','140400','壶关县',9,'140427','3',0),('140428','140400','长子县',10,'140428','3',0),('140429','140400','武乡县',11,'140429','3',0),('140430','140400','沁　县',12,'140430','3',0),('140431','140400','沁源县',13,'140431','3',0),('140481','140400','潞城市',14,'140481','3',0),('140500','140000','晋城市',5,'140500','2',0),('140502','140500','城　区',2,'140502','3',0),('140521','140500','沁水县',3,'140521','3',0),('140522','140500','阳城县',4,'140522','3',0),('140524','140500','陵川县',5,'140524','3',0),('140525','140500','泽州县',6,'140525','3',0),('140581','140500','高平市',7,'140581','3',0),('140600','140000','朔州市',6,'140600','2',0),('140602','140600','朔城区',2,'140602','3',0),('140603','140600','平鲁区',3,'140603','3',0),('140621','140600','山阴县',4,'140621','3',0),('140622','140600','应　县',5,'140622','3',0),('140623','140600','右玉县',6,'140623','3',0),('140624','140600','怀仁县',7,'140624','3',0),('140700','140000','晋中市',7,'140700','2',0),('140702','140700','榆次区',2,'140702','3',0),('140721','140700','榆社县',3,'140721','3',0),('140722','140700','左权县',4,'140722','3',0),('140723','140700','和顺县',5,'140723','3',0),('140724','140700','昔阳县',6,'140724','3',0),('140725','140700','寿阳县',7,'140725','3',0),('140726','140700','太谷县',8,'140726','3',0),('140727','140700','祁　县',9,'140727','3',0),('140728','140700','平遥县',10,'140728','3',0),('140729','140700','灵石县',11,'140729','3',0),('140781','140700','介休市',12,'140781','3',0),('140800','140000','运城市',8,'140800','2',0),('140802','140800','盐湖区',2,'140802','3',0),('140821','140800','临猗县',3,'140821','3',0),('140822','140800','万荣县',4,'140822','3',0),('140823','140800','闻喜县',5,'140823','3',0),('140824','140800','稷山县',6,'140824','3',0),('140825','140800','新绛县',7,'140825','3',0),('140826','140800','绛　县',8,'140826','3',0),('140827','140800','垣曲县',9,'140827','3',0),('140828','140800','夏　县',10,'140828','3',0),('140829','140800','平陆县',11,'140829','3',0),('140830','140800','芮城县',12,'140830','3',0),('140881','140800','永济市',13,'140881','3',0),('140882','140800','河津市',14,'140882','3',0),('140900','140000','忻州市',9,'140900','2',0),('140902','140900','忻府区',2,'140902','3',0),('140921','140900','定襄县',3,'140921','3',0),('140922','140900','五台县',4,'140922','3',0),('140923','140900','代　县',5,'140923','3',0),('140924','140900','繁峙县',6,'140924','3',0),('140925','140900','宁武县',7,'140925','3',0),('140926','140900','静乐县',8,'140926','3',0),('140927','140900','神池县',9,'140927','3',0),('140928','140900','五寨县',10,'140928','3',0),('140929','140900','岢岚县',11,'140929','3',0),('140930','140900','河曲县',12,'140930','3',0),('140931','140900','保德县',13,'140931','3',0),('140932','140900','偏关县',14,'140932','3',0),('140981','140900','原平市',15,'140981','3',0),('141000','140000','临汾市',10,'141000','2',0),('141002','141000','尧都区',2,'141002','3',0),('141021','141000','曲沃县',3,'141021','3',0),('141022','141000','翼城县',4,'141022','3',0),('141023','141000','襄汾县',5,'141023','3',0),('141024','141000','洪洞县',6,'141024','3',0),('141025','141000','古　县',7,'141025','3',0),('141026','141000','安泽县',8,'141026','3',0),('141027','141000','浮山县',9,'141027','3',0),('141028','141000','吉　县',10,'141028','3',0),('141029','141000','乡宁县',11,'141029','3',0),('141030','141000','大宁县',12,'141030','3',0),('141031','141000','隰　县',13,'141031','3',0),('141032','141000','永和县',14,'141032','3',0),('141033','141000','蒲　县',15,'141033','3',0),('141034','141000','汾西县',16,'141034','3',0),('141081','141000','侯马市',17,'141081','3',0),('141082','141000','霍州市',18,'141082','3',0),('141100','140000','吕梁市',11,'141100','2',0),('141102','141100','离石区',2,'141102','3',0),('141121','141100','文水县',3,'141121','3',0),('141122','141100','交城县',4,'141122','3',0),('141123','141100','兴　县',5,'141123','3',0),('141124','141100','临　县',6,'141124','3',0),('141125','141100','柳林县',7,'141125','3',0),('141126','141100','石楼县',8,'141126','3',0),('141127','141100','岚　县',9,'141127','3',0),('141128','141100','方山县',10,'141128','3',0),('141129','141100','中阳县',11,'141129','3',0),('141130','141100','交口县',12,'141130','3',0),('141181','141100','孝义市',13,'141181','3',0),('141182','141100','汾阳市',14,'141182','3',0),('150000','0','内蒙古自治区',5,'150000','1',0),('150100','150000','呼和浩特市',1,'150100','2',0),('150102','150100','新城区',2,'150102','3',0),('150103','150100','回民区',3,'150103','3',0),('150104','150100','玉泉区',4,'150104','3',0),('150105','150100','赛罕区',5,'150105','3',0),('150121','150100','土默特左旗',6,'150121','3',0),('150122','150100','托克托县',7,'150122','3',0),('150123','150100','和林格尔县',8,'150123','3',0),('150124','150100','清水河县',9,'150124','3',0),('150125','150100','武川县',10,'150125','3',0),('150200','150000','包头市',2,'150200','2',0),('150202','150200','东河区',2,'150202','3',0),('150203','150200','昆都仑区',3,'150203','3',0),('150204','150200','青山区',4,'150204','3',0),('150205','150200','石拐区',5,'150205','3',0),('150206','150200','白云矿区',6,'150206','3',0),('150207','150200','九原区',7,'150207','3',0),('150221','150200','土默特右旗',8,'150221','3',0),('150222','150200','固阳县',9,'150222','3',0),('150223','150200','达尔罕茂明安联合旗',10,'150223','3',0),('150300','150000','乌海市',3,'150300','2',0),('150302','150300','海勃湾区',2,'150302','3',0),('150303','150300','海南区',3,'150303','3',0),('150304','150300','乌达区',4,'150304','3',0),('150400','150000','赤峰市',4,'150400','2',0),('150402','150400','红山区',2,'150402','3',0),('150403','150400','元宝山区',3,'150403','3',0),('150404','150400','松山区',4,'150404','3',0),('150421','150400','阿鲁科尔沁旗',5,'150421','3',0),('150422','150400','巴林左旗',6,'150422','3',0),('150423','150400','巴林右旗',7,'150423','3',0),('150424','150400','林西县',8,'150424','3',0),('150425','150400','克什克腾旗',9,'150425','3',0),('150426','150400','翁牛特旗',10,'150426','3',0),('150428','150400','喀喇沁旗',11,'150428','3',0),('150429','150400','宁城县',12,'150429','3',0),('150430','150400','敖汉旗',13,'150430','3',0),('150500','150000','通辽市',5,'150500','2',0),('150502','150500','科尔沁区',2,'150502','3',0),('150521','150500','科尔沁左翼中旗',3,'150521','3',0),('150522','150500','科尔沁左翼后旗',4,'150522','3',0),('150523','150500','开鲁县',5,'150523','3',0),('150524','150500','库伦旗',6,'150524','3',0),('150525','150500','奈曼旗',7,'150525','3',0),('150526','150500','扎鲁特旗',8,'150526','3',0),('150581','150500','霍林郭勒市',9,'150581','3',0),('150600','150000','鄂尔多斯市',6,'150600','2',0),('150602','150600','东胜区',1,'150602','3',0),('150621','150600','达拉特旗',2,'150621','3',0),('150622','150600','准格尔旗',3,'150622','3',0),('150623','150600','鄂托克前旗',4,'150623','3',0),('150624','150600','鄂托克旗',5,'150624','3',0),('150625','150600','杭锦旗',6,'150625','3',0),('150626','150600','乌审旗',7,'150626','3',0),('150627','150600','伊金霍洛旗',8,'150627','3',0),('150700','150000','呼伦贝尔市',7,'150700','2',0),('150702','150700','海拉尔区',2,'150702','3',0),('150721','150700','阿荣旗',3,'150721','3',0),('150722','150700','莫力达瓦达斡尔族自治旗',4,'150722','3',0),('150723','150700','鄂伦春自治旗',5,'150723','3',0),('150724','150700','鄂温克族自治旗',6,'150724','3',0),('150725','150700','陈巴尔虎旗',7,'150725','3',0),('150726','150700','新巴尔虎左旗',8,'150726','3',0),('150727','150700','新巴尔虎右旗',9,'150727','3',0),('150781','150700','满洲里市',10,'150781','3',0),('150782','150700','牙克石市',11,'150782','3',0),('150783','150700','扎兰屯市',12,'150783','3',0),('150784','150700','额尔古纳市',13,'150784','3',0),('150785','150700','根河市',14,'150785','3',0),('150800','150000','巴彦淖尔市',8,'150800','2',0),('150802','150800','临河区',2,'150802','3',0),('150821','150800','五原县',3,'150821','3',0),('150822','150800','磴口县',4,'150822','3',0),('150823','150800','乌拉特前旗',5,'150823','3',0),('150824','150800','乌拉特中旗',6,'150824','3',0),('150825','150800','乌拉特后旗',7,'150825','3',0),('150826','150800','杭锦后旗',8,'150826','3',0),('150900','150000','乌兰察布市',9,'150900','2',0),('150902','150900','集宁区',2,'150902','3',0),('150921','150900','卓资县',3,'150921','3',0),('150922','150900','化德县',4,'150922','3',0),('150923','150900','商都县',5,'150923','3',0),('150924','150900','兴和县',6,'150924','3',0),('150925','150900','凉城县',7,'150925','3',0),('150926','150900','察哈尔右翼前旗',8,'150926','3',0),('150927','150900','察哈尔右翼中旗',9,'150927','3',0),('150928','150900','察哈尔右翼后旗',10,'150928','3',0),('150929','150900','四子王旗',11,'150929','3',0),('150981','150900','丰镇市',12,'150981','3',0),('152200','150000','兴安盟',10,'152200','2',0),('152201','152200','乌兰浩特市',1,'152201','3',0),('152202','152200','阿尔山市',2,'152202','3',0),('152221','152200','科尔沁右翼前旗',3,'152221','3',0),('152222','152200','科尔沁右翼中旗',4,'152222','3',0),('152223','152200','扎赉特旗',5,'152223','3',0),('152224','152200','突泉县',6,'152224','3',0),('152500','150000','锡林郭勒盟',11,'152500','2',0),('152501','152500','二连浩特市',1,'152501','3',0),('152502','152500','锡林浩特市',2,'152502','3',0),('152522','152500','阿巴嘎旗',3,'152522','3',0),('152523','152500','苏尼特左旗',4,'152523','3',0),('152524','152500','苏尼特右旗',5,'152524','3',0),('152525','152500','东乌珠穆沁旗',6,'152525','3',0),('152526','152500','西乌珠穆沁旗',7,'152526','3',0),('152527','152500','太仆寺旗',8,'152527','3',0),('152528','152500','镶黄旗',9,'152528','3',0),('152529','152500','正镶白旗',10,'152529','3',0),('152530','152500','正蓝旗',11,'152530','3',0),('152531','152500','多伦县',12,'152531','3',0),('152900','150000','阿拉善盟',12,'152900','2',0),('152921','152900','阿拉善左旗',1,'152921','3',0),('152922','152900','阿拉善右旗',2,'152922','3',0),('152923','152900','额济纳旗',3,'152923','3',0),('210000','0','辽宁省',6,'210000','1',0),('210100','210000','沈阳市',1,'210100','2',0),('210102','210100','和平区',2,'210102','3',0),('210103','210100','沈河区',3,'210103','3',0),('210104','210100','大东区',4,'210104','3',0),('210105','210100','皇姑区',5,'210105','3',0),('210106','210100','铁西区',6,'210106','3',0),('210111','210100','苏家屯区',7,'210111','3',0),('210112','210100','东陵区',8,'210112','3',0),('210113','210100','新城子区',9,'210113','3',0),('210114','210100','于洪区',10,'210114','3',0),('210122','210100','辽中县',11,'210122','3',0),('210123','210100','康平县',12,'210123','3',0),('210124','210100','法库县',13,'210124','3',0),('210181','210100','新民市',14,'210181','3',0),('210200','210000','大连市',2,'210200','2',0),('210202','210200','中山区',2,'210202','3',0),('210203','210200','西岗区',3,'210203','3',0),('210204','210200','沙河口区',4,'210204','3',0),('210211','210200','甘井子区',5,'210211','3',0),('210212','210200','旅顺口区',6,'210212','3',0),('210213','210200','金州区',7,'210213','3',0),('210224','210200','长海县',8,'210224','3',0),('210281','210200','瓦房店市',9,'210281','3',0),('210282','210200','普兰店市',10,'210282','3',0),('210283','210200','庄河市',11,'210283','3',0),('210300','210000','鞍山市',3,'210300','2',0),('210302','210300','铁东区',2,'210302','3',0),('210303','210300','铁西区',3,'210303','3',0),('210304','210300','立山区',4,'210304','3',0),('210311','210300','千山区',5,'210311','3',0),('210321','210300','台安县',6,'210321','3',0),('210323','210300','岫岩满族自治县',7,'210323','3',0),('210381','210300','海城市',8,'210381','3',0),('210400','210000','抚顺市',4,'210400','2',0),('210402','210400','新抚区',2,'210402','3',0),('210403','210400','东洲区',3,'210403','3',0),('210404','210400','望花区',4,'210404','3',0),('210411','210400','顺城区',5,'210411','3',0),('210421','210400','抚顺县',6,'210421','3',0),('210422','210400','新宾满族自治县',7,'210422','3',0),('210423','210400','清原满族自治县',8,'210423','3',0),('210500','210000','本溪市',5,'210500','2',0),('210502','210500','平山区',2,'210502','3',0),('210503','210500','溪湖区',3,'210503','3',0),('210504','210500','明山区',4,'210504','3',0),('210505','210500','南芬区',5,'210505','3',0),('210521','210500','本溪满族自治县',6,'210521','3',0),('210522','210500','桓仁满族自治县',7,'210522','3',0),('210600','210000','丹东市',6,'210600','2',0),('210602','210600','元宝区',2,'210602','3',0),('210603','210600','振兴区',3,'210603','3',0),('210604','210600','振安区',4,'210604','3',0),('210624','210600','宽甸满族自治县',5,'210624','3',0),('210681','210600','东港市',6,'210681','3',0),('210682','210600','凤城市',7,'210682','3',0),('210700','210000','锦州市',7,'210700','2',0),('210702','210700','古塔区',2,'210702','3',0),('210703','210700','凌河区',3,'210703','3',0),('210711','210700','太和区',4,'210711','3',0),('210726','210700','黑山县',5,'210726','3',0),('210727','210700','义　县',6,'210727','3',0),('210781','210700','凌海市',7,'210781','3',0),('210782','210700','北宁市',8,'210782','3',0),('210800','210000','营口市',8,'210800','2',0),('210802','210800','站前区',2,'210802','3',0),('210803','210800','西市区',3,'210803','3',0),('210804','210800','鲅鱼圈区',4,'210804','3',0),('210811','210800','老边区',5,'210811','3',0),('210881','210800','盖州市',6,'210881','3',0),('210882','210800','大石桥市',7,'210882','3',0),('210900','210000','阜新市',9,'210900','2',0),('210902','210900','海州区',2,'210902','3',0),('210903','210900','新邱区',3,'210903','3',0),('210904','210900','太平区',4,'210904','3',0),('210905','210900','清河门区',5,'210905','3',0),('210911','210900','细河区',6,'210911','3',0),('210921','210900','阜新蒙古族自治县',7,'210921','3',0),('210922','210900','彰武县',8,'210922','3',0),('211000','210000','辽阳市',10,'211000','2',0),('211002','211000','白塔区',2,'211002','3',0),('211003','211000','文圣区',3,'211003','3',0),('211004','211000','宏伟区',4,'211004','3',0),('211005','211000','弓长岭区',5,'211005','3',0),('211011','211000','太子河区',6,'211011','3',0),('211021','211000','辽阳县',7,'211021','3',0),('211081','211000','灯塔市',8,'211081','3',0),('211100','210000','盘锦市',11,'211100','2',0),('211102','211100','双台子区',2,'211102','3',0),('211103','211100','兴隆台区',3,'211103','3',0),('211121','211100','大洼县',4,'211121','3',0),('211122','211100','盘山县',5,'211122','3',0),('211200','210000','铁岭市',12,'211200','2',0),('211202','211200','银州区',2,'211202','3',0),('211204','211200','清河区',3,'211204','3',0),('211221','211200','铁岭县',4,'211221','3',0),('211223','211200','西丰县',5,'211223','3',0),('211224','211200','昌图县',6,'211224','3',0),('211281','211200','调兵山市',7,'211281','3',0),('211282','211200','开原市',8,'211282','3',0),('211300','210000','朝阳市',13,'211300','2',0),('211302','211300','双塔区',2,'211302','3',0),('211303','211300','龙城区',3,'211303','3',0),('211321','211300','朝阳县',4,'211321','3',0),('211322','211300','建平县',5,'211322','3',0),('211324','211300','喀喇沁左翼蒙古族自治县',6,'211324','3',0),('211381','211300','北票市',7,'211381','3',0),('211382','211300','凌源市',8,'211382','3',0),('211400','210000','葫芦岛市',14,'211400','2',0),('211402','211400','连山区',2,'211402','3',0),('211403','211400','龙港区',3,'211403','3',0),('211404','211400','南票区',4,'211404','3',0),('211421','211400','绥中县',5,'211421','3',0),('211422','211400','建昌县',6,'211422','3',0),('211481','211400','兴城市',7,'211481','3',0),('220000','0','吉林省',7,'220000','1',0),('220100','220000','长春市',1,'220100','2',0),('220102','220100','南关区',2,'220102','3',0),('220103','220100','宽城区',3,'220103','3',0),('220104','220100','朝阳区',4,'220104','3',0),('220105','220100','二道区',5,'220105','3',0),('220106','220100','绿园区',6,'220106','3',0),('220112','220100','双阳区',7,'220112','3',0),('220122','220100','农安县',8,'220122','3',0),('220181','220100','九台市',9,'220181','3',0),('220182','220100','榆树市',10,'220182','3',0),('220183','220100','德惠市',11,'220183','3',0),('220200','220000','吉林市',2,'220200','2',0),('220202','220200','昌邑区',2,'220202','3',0),('220203','220200','龙潭区',3,'220203','3',0),('220204','220200','船营区',4,'220204','3',0),('220211','220200','丰满区',5,'220211','3',0),('220221','220200','永吉县',6,'220221','3',0),('220281','220200','蛟河市',7,'220281','3',0),('220282','220200','桦甸市',8,'220282','3',0),('220283','220200','舒兰市',9,'220283','3',0),('220284','220200','磐石市',10,'220284','3',0),('220300','220000','四平市',3,'220300','2',0),('220302','220300','铁西区',2,'220302','3',0),('220303','220300','铁东区',3,'220303','3',0),('220322','220300','梨树县',4,'220322','3',0),('220323','220300','伊通满族自治县',5,'220323','3',0),('220381','220300','公主岭市',6,'220381','3',0),('220382','220300','双辽市',7,'220382','3',0),('220400','220000','辽源市',4,'220400','2',0),('220402','220400','龙山区',2,'220402','3',0),('220403','220400','西安区',3,'220403','3',0),('220421','220400','东丰县',4,'220421','3',0),('220422','220400','东辽县',5,'220422','3',0),('220500','220000','通化市',5,'220500','2',0),('220502','220500','东昌区',2,'220502','3',0),('220503','220500','二道江区',3,'220503','3',0),('220521','220500','通化县',4,'220521','3',0),('220523','220500','辉南县',5,'220523','3',0),('220524','220500','柳河县',6,'220524','3',0),('220581','220500','梅河口市',7,'220581','3',0),('220582','220500','集安市',8,'220582','3',0),('220600','220000','白山市',6,'220600','2',0),('220602','220600','八道江区',2,'220602','3',0),('220621','220600','抚松县',3,'220621','3',0),('220622','220600','靖宇县',4,'220622','3',0),('220623','220600','长白朝鲜族自治县',5,'220623','3',0),('220625','220600','江源县',6,'220625','3',0),('220681','220600','临江市',7,'220681','3',0),('220700','220000','松原市',7,'220700','2',0),('220702','220700','宁江区',2,'220702','3',0),('220721','220700','前郭尔罗斯蒙古族自治县',3,'220721','3',0),('220722','220700','长岭县',4,'220722','3',0),('220723','220700','乾安县',5,'220723','3',0),('220724','220700','扶余县',6,'220724','3',0),('220800','220000','白城市',8,'220800','2',0),('220802','220800','洮北区',2,'220802','3',0),('220821','220800','镇赉县',3,'220821','3',0),('220822','220800','通榆县',4,'220822','3',0),('220881','220800','洮南市',5,'220881','3',0),('220882','220800','大安市',6,'220882','3',0),('222400','220000','延边朝鲜族自治州',9,'222400','2',0),('222401','222400','延吉市',1,'222401','3',0),('222402','222400','图们市',2,'222402','3',0),('222403','222400','敦化市',3,'222403','3',0),('222404','222400','珲春市',4,'222404','3',0),('222405','222400','龙井市',5,'222405','3',0),('222406','222400','和龙市',6,'222406','3',0),('222424','222400','汪清县',7,'222424','3',0),('222426','222400','安图县',8,'222426','3',0),('230000','0','黑龙江省',8,'230000','1',0),('230100','230000','哈尔滨市',1,'230100','2',0),('230102','230100','道里区',2,'230102','3',0),('230103','230100','南岗区',3,'230103','3',0),('230104','230100','道外区',4,'230104','3',0),('230106','230100','香坊区',5,'230106','3',0),('230107','230100','动力区',6,'230107','3',0),('230108','230100','平房区',7,'230108','3',0),('230109','230100','松北区',8,'230109','3',0),('230111','230100','呼兰区',9,'230111','3',0),('230123','230100','依兰县',10,'230123','3',0),('230124','230100','方正县',11,'230124','3',0),('230125','230100','宾　县',12,'230125','3',0),('230126','230100','巴彦县',13,'230126','3',0),('230127','230100','木兰县',14,'230127','3',0),('230128','230100','通河县',15,'230128','3',0),('230129','230100','延寿县',16,'230129','3',0),('230181','230100','阿城市',17,'230181','3',0),('230182','230100','双城市',18,'230182','3',0),('230183','230100','尚志市',19,'230183','3',0),('230184','230100','五常市',20,'230184','3',0),('230200','230000','齐齐哈尔市',2,'230200','2',0),('230202','230200','龙沙区',2,'230202','3',0),('230203','230200','建华区',3,'230203','3',0),('230204','230200','铁锋区',4,'230204','3',0),('230205','230200','昂昂溪区',5,'230205','3',0),('230206','230200','富拉尔基区',6,'230206','3',0),('230207','230200','碾子山区',7,'230207','3',0),('230208','230200','梅里斯达斡尔族区',8,'230208','3',0),('230221','230200','龙江县',9,'230221','3',0),('230223','230200','依安县',10,'230223','3',0),('230224','230200','泰来县',11,'230224','3',0),('230225','230200','甘南县',12,'230225','3',0),('230227','230200','富裕县',13,'230227','3',0),('230229','230200','克山县',14,'230229','3',0),('230230','230200','克东县',15,'230230','3',0),('230231','230200','拜泉县',16,'230231','3',0),('230281','230200','讷河市',17,'230281','3',0),('230300','230000','鸡西市',3,'230300','2',0),('230302','230300','鸡冠区',2,'230302','3',0),('230303','230300','恒山区',3,'230303','3',0),('230304','230300','滴道区',4,'230304','3',0),('230305','230300','梨树区',5,'230305','3',0),('230306','230300','城子河区',6,'230306','3',0),('230307','230300','麻山区',7,'230307','3',0),('230321','230300','鸡东县',8,'230321','3',0),('230381','230300','虎林市',9,'230381','3',0),('230382','230300','密山市',10,'230382','3',0),('230400','230000','鹤岗市',4,'230400','2',0),('230402','230400','向阳区',2,'230402','3',0),('230403','230400','工农区',3,'230403','3',0),('230404','230400','南山区',4,'230404','3',0),('230405','230400','兴安区',5,'230405','3',0),('230406','230400','东山区',6,'230406','3',0),('230407','230400','兴山区',7,'230407','3',0),('230421','230400','萝北县',8,'230421','3',0),('230422','230400','绥滨县',9,'230422','3',0),('230500','230000','双鸭山市',5,'230500','2',0),('230502','230500','尖山区',2,'230502','3',0),('230503','230500','岭东区',3,'230503','3',0),('230505','230500','四方台区',4,'230505','3',0),('230506','230500','宝山区',5,'230506','3',0),('230521','230500','集贤县',6,'230521','3',0),('230522','230500','友谊县',7,'230522','3',0),('230523','230500','宝清县',8,'230523','3',0),('230524','230500','饶河县',9,'230524','3',0),('230600','230000','大庆市',6,'230600','2',0),('230602','230600','萨尔图区',2,'230602','3',0),('230603','230600','龙凤区',3,'230603','3',0),('230604','230600','让胡路区',4,'230604','3',0),('230605','230600','红岗区',5,'230605','3',0),('230606','230600','大同区',6,'230606','3',0),('230621','230600','肇州县',7,'230621','3',0),('230622','230600','肇源县',8,'230622','3',0),('230623','230600','林甸县',9,'230623','3',0),('230624','230600','杜尔伯特蒙古族自治县',10,'230624','3',0),('230700','230000','伊春市',7,'230700','2',0),('230702','230700','伊春区',2,'230702','3',0),('230703','230700','南岔区',3,'230703','3',0),('230704','230700','友好区',4,'230704','3',0),('230705','230700','西林区',5,'230705','3',0),('230706','230700','翠峦区',6,'230706','3',0),('230707','230700','新青区',7,'230707','3',0),('230708','230700','美溪区',8,'230708','3',0),('230709','230700','金山屯区',9,'230709','3',0),('230710','230700','五营区',10,'230710','3',0),('230711','230700','乌马河区',11,'230711','3',0),('230712','230700','汤旺河区',12,'230712','3',0),('230713','230700','带岭区',13,'230713','3',0),('230714','230700','乌伊岭区',14,'230714','3',0),('230715','230700','红星区',15,'230715','3',0),('230716','230700','上甘岭区',16,'230716','3',0),('230722','230700','嘉荫县',17,'230722','3',0),('230781','230700','铁力市',18,'230781','3',0),('230800','230000','佳木斯市',8,'230800','2',0),('230802','230800','永红区',2,'230802','3',0),('230803','230800','向阳区',3,'230803','3',0),('230804','230800','前进区',4,'230804','3',0),('230805','230800','东风区',5,'230805','3',0),('230811','230800','郊　区',6,'230811','3',0),('230822','230800','桦南县',7,'230822','3',0),('230826','230800','桦川县',8,'230826','3',0),('230828','230800','汤原县',9,'230828','3',0),('230833','230800','抚远县',10,'230833','3',0),('230881','230800','同江市',11,'230881','3',0),('230882','230800','富锦市',12,'230882','3',0),('230900','230000','七台河市',9,'230900','2',0),('230902','230900','新兴区',2,'230902','3',0),('230903','230900','桃山区',3,'230903','3',0),('230904','230900','茄子河区',4,'230904','3',0),('230921','230900','勃利县',5,'230921','3',0),('231000','230000','牡丹江市',10,'231000','2',0),('231002','231000','东安区',2,'231002','3',0),('231003','231000','阳明区',3,'231003','3',0),('231004','231000','爱民区',4,'231004','3',0),('231005','231000','西安区',5,'231005','3',0),('231024','231000','东宁县',6,'231024','3',0),('231025','231000','林口县',7,'231025','3',0),('231081','231000','绥芬河市',8,'231081','3',0),('231083','231000','海林市',9,'231083','3',0),('231084','231000','宁安市',10,'231084','3',0),('231085','231000','穆棱市',11,'231085','3',0),('231100','230000','黑河市',11,'231100','2',0),('231102','231100','爱辉区',2,'231102','3',0),('231121','231100','嫩江县',3,'231121','3',0),('231123','231100','逊克县',4,'231123','3',0),('231124','231100','孙吴县',5,'231124','3',0),('231181','231100','北安市',6,'231181','3',0),('231182','231100','五大连池市',7,'231182','3',0),('231200','230000','绥化市',12,'231200','2',0),('231202','231200','北林区',2,'231202','3',0),('231221','231200','望奎县',3,'231221','3',0),('231222','231200','兰西县',4,'231222','3',0),('231223','231200','青冈县',5,'231223','3',0),('231224','231200','庆安县',6,'231224','3',0),('231225','231200','明水县',7,'231225','3',0),('231226','231200','绥棱县',8,'231226','3',0),('231281','231200','安达市',9,'231281','3',0),('231282','231200','肇东市',10,'231282','3',0),('231283','231200','海伦市',11,'231283','3',0),('232700','230000','大兴安岭地区',13,'232700','2',0),('232721','232700','呼玛县',1,'232721','3',0),('232722','232700','塔河县',2,'232722','3',0),('232723','232700','漠河县',3,'232723','3',0),('310000','0','上海市',9,'310000','1',0),('310100','310000','市辖区',1,'310100','2',0),('310101','310100','黄浦区',1,'310101','3',0),('310103','310100','卢湾区',2,'310103','3',0),('310104','310100','徐汇区',3,'310104','3',0),('310105','310100','长宁区',4,'310105','3',0),('310106','310100','静安区',5,'310106','3',0),('310107','310100','普陀区',6,'310107','3',0),('310108','310100','闸北区',7,'310108','3',0),('310109','310100','虹口区',8,'310109','3',0),('310110','310100','杨浦区',9,'310110','3',0),('310112','310100','闵行区',10,'310112','3',0),('310113','310100','宝山区',11,'310113','3',0),('310114','310100','嘉定区',12,'310114','3',0),('310115','310100','浦东新区',13,'310115','3',0),('310116','310100','金山区',14,'310116','3',0),('310117','310100','松江区',15,'310117','3',0),('310118','310100','青浦区',16,'310118','3',0),('310119','310100','南汇区',17,'310119','3',0),('310120','310100','奉贤区',18,'310120','3',0),('310200','310000','市辖县',2,'310200','2',0),('310230','310200','崇明县',1,'310230','3',0),('320000','0','江苏省',10,'320000','1',0),('320100','320000','南京市',1,'320100','2',0),('320102','320100','玄武区',2,'320102','3',0),('320103','320100','白下区',3,'320103','3',0),('320104','320100','秦淮区',4,'320104','3',0),('320105','320100','建邺区',5,'320105','3',0),('320106','320100','鼓楼区',6,'320106','3',0),('320107','320100','下关区',7,'320107','3',0),('320111','320100','浦口区',8,'320111','3',0),('320113','320100','栖霞区',9,'320113','3',0),('320114','320100','雨花台区',10,'320114','3',0),('320115','320100','江宁区',11,'320115','3',0),('320116','320100','六合区',12,'320116','3',0),('320124','320100','溧水县',13,'320124','3',0),('320125','320100','高淳县',14,'320125','3',0),('320200','320000','无锡市',2,'320200','2',0),('320202','320200','崇安区',2,'320202','3',0),('320203','320200','南长区',3,'320203','3',0),('320204','320200','北塘区',4,'320204','3',0),('320205','320200','锡山区',5,'320205','3',0),('320206','320200','惠山区',6,'320206','3',0),('320211','320200','滨湖区',7,'320211','3',0),('320281','320200','江阴市',8,'320281','3',0),('320282','320200','宜兴市',9,'320282','3',0),('320300','320000','徐州市',3,'320300','2',0),('320302','320300','鼓楼区',2,'320302','3',0),('320303','320300','云龙区',3,'320303','3',0),('320304','320300','九里区',4,'320304','3',0),('320305','320300','贾汪区',5,'320305','3',0),('320311','320300','泉山区',6,'320311','3',0),('320321','320300','丰　县',7,'320321','3',0),('320322','320300','沛　县',8,'320322','3',0),('320323','320300','铜山县',9,'320323','3',0),('320324','320300','睢宁县',10,'320324','3',0),('320381','320300','新沂市',11,'320381','3',0),('320382','320300','邳州市',12,'320382','3',0),('320400','320000','常州市',4,'320400','2',0),('320402','320400','天宁区',2,'320402','3',0),('320404','320400','钟楼区',3,'320404','3',0),('320405','320400','戚墅堰区',4,'320405','3',0),('320411','320400','新北区',5,'320411','3',0),('320412','320400','武进区',6,'320412','3',0),('320481','320400','溧阳市',7,'320481','3',0),('320482','320400','金坛市',8,'320482','3',0),('320500','320000','苏州市',5,'320500','2',0),('320502','320500','沧浪区',2,'320502','3',0),('320503','320500','平江区',3,'320503','3',0),('320504','320500','金阊区',4,'320504','3',0),('320505','320500','虎丘区',5,'320505','3',0),('320506','320500','吴中区',6,'320506','3',0),('320507','320500','相城区',7,'320507','3',0),('320581','320500','常熟市',8,'320581','3',0),('320582','320500','张家港市',9,'320582','3',0),('320583','320500','昆山市',10,'320583','3',0),('320584','320500','吴江市',11,'320584','3',0),('320585','320500','太仓市',12,'320585','3',0),('320600','320000','南通市',6,'320600','2',0),('320602','320600','崇川区',2,'320602','3',0),('320611','320600','港闸区',3,'320611','3',0),('320621','320600','海安县',4,'320621','3',0),('320623','320600','如东县',5,'320623','3',0),('320681','320600','启东市',6,'320681','3',0),('320682','320600','如皋市',7,'320682','3',0),('320683','320600','通州市',8,'320683','3',0),('320684','320600','海门市',9,'320684','3',0),('320700','320000','连云港市',7,'320700','2',0),('320703','320700','连云区',2,'320703','3',0),('320705','320700','新浦区',3,'320705','3',0),('320706','320700','海州区',4,'320706','3',0),('320721','320700','赣榆县',5,'320721','3',0),('320722','320700','东海县',6,'320722','3',0),('320723','320700','灌云县',7,'320723','3',0),('320724','320700','灌南县',8,'320724','3',0),('320800','320000','淮安市',8,'320800','2',0),('320802','320800','清河区',2,'320802','3',0),('320803','320800','淮安区',3,'320803','3',0),('320804','320800','淮阴区',4,'320804','3',0),('320811','320800','清浦区',5,'320811','3',0),('320826','320800','涟水县',6,'320826','3',0),('320829','320800','洪泽县',7,'320829','3',0),('320830','320800','盱眙县',8,'320830','3',0),('320831','320800','金湖县',9,'320831','3',0),('320900','320000','盐城市',9,'320900','2',0),('320902','320900','亭湖区',2,'320902','3',0),('320903','320900','盐都区',3,'320903','3',0),('320921','320900','响水县',4,'320921','3',0),('320922','320900','滨海县',5,'320922','3',0),('320923','320900','阜宁县',6,'320923','3',0),('320924','320900','射阳县',7,'320924','3',0),('320925','320900','建湖县',8,'320925','3',0),('320981','320900','东台市',9,'320981','3',0),('320982','320900','大丰市',10,'320982','3',0),('321000','320000','扬州市',10,'321000','2',0),('321002','321000','广陵区',2,'321002','3',0),('321003','321000','邗江区',3,'321003','3',0),('321011','321000','郊　区',4,'321011','3',0),('321023','321000','宝应县',5,'321023','3',0),('321081','321000','仪征市',6,'321081','3',0),('321084','321000','高邮市',7,'321084','3',0),('321088','321000','江都市',8,'321088','3',0),('321100','320000','镇江市',11,'321100','2',0),('321102','321100','京口区',2,'321102','3',0),('321111','321100','润州区',3,'321111','3',0),('321112','321100','丹徒区',4,'321112','3',0),('321181','321100','丹阳市',5,'321181','3',0),('321182','321100','扬中市',6,'321182','3',0),('321183','321100','句容市',7,'321183','3',0),('321200','320000','泰州市',12,'321200','2',0),('321202','321200','海陵区',2,'321202','3',0),('321203','321200','高港区',3,'321203','3',0),('321281','321200','兴化市',4,'321281','3',0),('321282','321200','靖江市',5,'321282','3',0),('321283','321200','泰兴市',6,'321283','3',0),('321284','321200','姜堰市',7,'321284','3',0),('321300','320000','宿迁市',13,'321300','2',0),('321302','321300','宿城区',2,'321302','3',0),('321311','321300','宿豫区',3,'321311','3',0),('321322','321300','沭阳县',4,'321322','3',0),('321323','321300','泗阳县',5,'321323','3',0),('321324','321300','泗洪县',6,'321324','3',0),('330000','0','浙江省',11,'330000','1',0),('330100','330000','杭州市',1,'330100','2',0),('330102','330100','上城区',2,'330102','3',0),('330103','330100','下城区',3,'330103','3',0),('330104','330100','江干区',4,'330104','3',0),('330105','330100','拱墅区',5,'330105','3',0),('330106','330100','西湖区',6,'330106','3',0),('330108','330100','滨江区',7,'330108','3',0),('330109','330100','萧山区',8,'330109','3',0),('330110','330100','余杭区',9,'330110','3',0),('330122','330100','桐庐县',10,'330122','3',0),('330127','330100','淳安县',11,'330127','3',0),('330182','330100','建德市',12,'330182','3',0),('330183','330100','富阳市',13,'330183','3',0),('330185','330100','临安市',14,'330185','3',0),('330200','330000','宁波市',2,'330200','2',0),('330203','330200','海曙区',2,'330203','3',0),('330204','330200','江东区',3,'330204','3',0),('330205','330200','江北区',4,'330205','3',0),('330206','330200','北仑区',5,'330206','3',0),('330211','330200','镇海区',6,'330211','3',0),('330212','330200','鄞州区',7,'330212','3',0),('330225','330200','象山县',8,'330225','3',0),('330226','330200','宁海县',9,'330226','3',0),('330281','330200','余姚市',10,'330281','3',0),('330282','330200','慈溪市',11,'330282','3',0),('330283','330200','奉化市',12,'330283','3',0),('330300','330000','温州市',3,'330300','2',0),('330302','330300','鹿城区',2,'330302','3',0),('330303','330300','龙湾区',3,'330303','3',0),('330304','330300','瓯海区',4,'330304','3',0),('330322','330300','洞头县',5,'330322','3',0),('330324','330300','永嘉县',6,'330324','3',0),('330326','330300','平阳县',7,'330326','3',0),('330327','330300','苍南县',8,'330327','3',0),('330328','330300','文成县',9,'330328','3',0),('330329','330300','泰顺县',10,'330329','3',0),('330381','330300','瑞安市',11,'330381','3',0),('330382','330300','乐清市',12,'330382','3',0),('330400','330000','嘉兴市',4,'330400','2',0),('330402','330400','南湖区',2,'330402','3',0),('330411','330400','秀洲区',3,'330411','3',0),('330421','330400','嘉善县',4,'330421','3',0),('330424','330400','海盐县',5,'330424','3',0),('330481','330400','海宁市',6,'330481','3',0),('330482','330400','平湖市',7,'330482','3',0),('330483','330400','桐乡市',8,'330483','3',0),('330500','330000','湖州市',5,'330500','2',0),('330502','330500','吴兴区',2,'330502','3',0),('330503','330500','南浔区',3,'330503','3',0),('330521','330500','德清县',4,'330521','3',0),('330522','330500','长兴县',5,'330522','3',0),('330523','330500','安吉县',6,'330523','3',0),('330600','330000','绍兴市',6,'330600','2',0),('330602','330600','越城区',2,'330602','3',0),('330621','330600','绍兴县',3,'330621','3',0),('330624','330600','新昌县',4,'330624','3',0),('330681','330600','诸暨市',5,'330681','3',0),('330682','330600','上虞市',6,'330682','3',0),('330683','330600','嵊州市',7,'330683','3',0),('330700','330000','金华市',7,'330700','2',0),('330702','330700','婺城区',2,'330702','3',0),('330703','330700','金东区',3,'330703','3',0),('330723','330700','武义县',4,'330723','3',0),('330726','330700','浦江县',5,'330726','3',0),('330727','330700','磐安县',6,'330727','3',0),('330781','330700','兰溪市',7,'330781','3',0),('330782','330700','义乌市',8,'330782','3',0),('330783','330700','东阳市',9,'330783','3',0),('330784','330700','永康市',10,'330784','3',0),('330800','330000','衢州市',8,'330800','2',0),('330802','330800','柯城区',2,'330802','3',0),('330803','330800','衢江区',3,'330803','3',0),('330822','330800','常山县',4,'330822','3',0),('330824','330800','开化县',5,'330824','3',0),('330825','330800','龙游县',6,'330825','3',0),('330881','330800','江山市',7,'330881','3',0),('330900','330000','舟山市',9,'330900','2',0),('330902','330900','定海区',2,'330902','3',0),('330903','330900','普陀区',3,'330903','3',0),('330921','330900','岱山县',4,'330921','3',0),('330922','330900','嵊泗县',5,'330922','3',0),('331000','330000','台州市',10,'331000','2',0),('331002','331000','椒江区',2,'331002','3',0),('331003','331000','黄岩区',3,'331003','3',0),('331004','331000','路桥区',4,'331004','3',0),('331021','331000','玉环县',5,'331021','3',0),('331022','331000','三门县',6,'331022','3',0),('331023','331000','天台县',7,'331023','3',0),('331024','331000','仙居县',8,'331024','3',0),('331081','331000','温岭市',9,'331081','3',0),('331082','331000','临海市',10,'331082','3',0),('331100','330000','丽水市',11,'331100','2',0),('331102','331100','莲都区',2,'331102','3',0),('331121','331100','青田县',3,'331121','3',0),('331122','331100','缙云县',4,'331122','3',0),('331123','331100','遂昌县',5,'331123','3',0),('331124','331100','松阳县',6,'331124','3',0),('331125','331100','云和县',7,'331125','3',0),('331126','331100','庆元县',8,'331126','3',0),('331127','331100','景宁畲族自治县',9,'331127','3',0),('331181','331100','龙泉市',10,'331181','3',0),('340000','0','安徽省',12,'340000','1',0),('340100','340000','合肥市',1,'340100','2',0),('340102','340100','瑶海区',2,'340102','3',0),('340103','340100','庐阳区',3,'340103','3',0),('340104','340100','蜀山区',4,'340104','3',0),('340111','340100','包河区',5,'340111','3',0),('340121','340100','长丰县',6,'340121','3',0),('340122','340100','肥东县',7,'340122','3',0),('340123','340100','肥西县',8,'340123','3',0),('340200','340000','芜湖市',2,'340200','2',0),('340202','340200','镜湖区',2,'340202','3',0),('340203','340200','马塘区',3,'340203','3',0),('340204','340200','新芜区',4,'340204','3',0),('340207','340200','鸠江区',5,'340207','3',0),('340221','340200','芜湖县',6,'340221','3',0),('340222','340200','繁昌县',7,'340222','3',0),('340223','340200','南陵县',8,'340223','3',0),('340300','340000','蚌埠市',3,'340300','2',0),('340302','340300','龙子湖区',2,'340302','3',0),('340303','340300','蚌山区',3,'340303','3',0),('340304','340300','禹会区',4,'340304','3',0),('340311','340300','淮上区',5,'340311','3',0),('340321','340300','怀远县',6,'340321','3',0),('340322','340300','五河县',7,'340322','3',0),('340323','340300','固镇县',8,'340323','3',0),('340400','340000','淮南市',4,'340400','2',0),('340402','340400','大通区',2,'340402','3',0),('340403','340400','田家庵区',3,'340403','3',0),('340404','340400','谢家集区',4,'340404','3',0),('340405','340400','八公山区',5,'340405','3',0),('340406','340400','潘集区',6,'340406','3',0),('340421','340400','凤台县',7,'340421','3',0),('340500','340000','马鞍山市',5,'340500','2',0),('340502','340500','金家庄区',2,'340502','3',0),('340503','340500','花山区',3,'340503','3',0),('340504','340500','雨山区',4,'340504','3',0),('340521','340500','当涂县',5,'340521','3',0),('340600','340000','淮北市',6,'340600','2',0),('340602','340600','杜集区',2,'340602','3',0),('340603','340600','相山区',3,'340603','3',0),('340604','340600','烈山区',4,'340604','3',0),('340621','340600','濉溪县',5,'340621','3',0),('340700','340000','铜陵市',7,'340700','2',0),('340702','340700','铜官山区',2,'340702','3',0),('340703','340700','狮子山区',3,'340703','3',0),('340711','340700','郊　区',4,'340711','3',0),('340721','340700','铜陵县',5,'340721','3',0),('340800','340000','安庆市',8,'340800','2',0),('340802','340800','迎江区',2,'340802','3',0),('340803','340800','大观区',3,'340803','3',0),('340811','340800','宜秀区',4,'340811','3',0),('340822','340800','怀宁县',5,'340822','3',0),('340823','340800','枞阳县',6,'340823','3',0),('340824','340800','潜山县',7,'340824','3',0),('340825','340800','太湖县',8,'340825','3',0),('340826','340800','宿松县',9,'340826','3',0),('340827','340800','望江县',10,'340827','3',0),('340828','340800','岳西县',11,'340828','3',0),('340881','340800','桐城市',12,'340881','3',0),('341000','340000','黄山市',9,'341000','2',0),('341002','341000','屯溪区',2,'341002','3',0),('341003','341000','黄山区',3,'341003','3',0),('341004','341000','徽州区',4,'341004','3',0),('341021','341000','歙　县',5,'341021','3',0),('341022','341000','休宁县',6,'341022','3',0),('341023','341000','黟　县',7,'341023','3',0),('341024','341000','祁门县',8,'341024','3',0),('341100','340000','滁州市',10,'341100','2',0),('341102','341100','琅琊区',2,'341102','3',0),('341103','341100','南谯区',3,'341103','3',0),('341122','341100','来安县',4,'341122','3',0),('341124','341100','全椒县',5,'341124','3',0),('341125','341100','定远县',6,'341125','3',0),('341126','341100','凤阳县',7,'341126','3',0),('341181','341100','天长市',8,'341181','3',0),('341182','341100','明光市',9,'341182','3',0),('341200','340000','阜阳市',11,'341200','2',0),('341202','341200','颍州区',2,'341202','3',0),('341203','341200','颍东区',3,'341203','3',0),('341204','341200','颍泉区',4,'341204','3',0),('341221','341200','临泉县',5,'341221','3',0),('341222','341200','太和县',6,'341222','3',0),('341225','341200','阜南县',7,'341225','3',0),('341226','341200','颍上县',8,'341226','3',0),('341282','341200','界首市',9,'341282','3',0),('341300','340000','宿州市',12,'341300','2',0),('341302','341300','墉桥区',2,'341302','3',0),('341321','341300','砀山县',3,'341321','3',0),('341322','341300','萧　县',4,'341322','3',0),('341323','341300','灵璧县',5,'341323','3',0),('341324','341300','泗　县',6,'341324','3',0),('341400','340000','巢湖市',13,'341400','2',0),('341402','341400','居巢区',2,'341402','3',0),('341421','341400','庐江县',3,'341421','3',0),('341422','341400','无为县',4,'341422','3',0),('341423','341400','含山县',5,'341423','3',0),('341424','341400','和　县',6,'341424','3',0),('341500','340000','六安市',14,'341500','2',0),('341502','341500','金安区',2,'341502','3',0),('341503','341500','裕安区',3,'341503','3',0),('341521','341500','寿　县',4,'341521','3',0),('341522','341500','霍邱县',5,'341522','3',0),('341523','341500','舒城县',6,'341523','3',0),('341524','341500','金寨县',7,'341524','3',0),('341525','341500','霍山县',8,'341525','3',0),('341600','340000','亳州市',15,'341600','2',0),('341602','341600','谯城区',2,'341602','3',0),('341621','341600','涡阳县',3,'341621','3',0),('341622','341600','蒙城县',4,'341622','3',0),('341623','341600','利辛县',5,'341623','3',0),('341700','340000','池州市',16,'341700','2',0),('341702','341700','贵池区',2,'341702','3',0),('341721','341700','东至县',3,'341721','3',0),('341722','341700','石台县',4,'341722','3',0),('341723','341700','青阳县',5,'341723','3',0),('341800','340000','宣城市',17,'341800','2',0),('341802','341800','宣州区',2,'341802','3',0),('341821','341800','郎溪县',3,'341821','3',0),('341822','341800','广德县',4,'341822','3',0),('341823','341800','泾　县',5,'341823','3',0),('341824','341800','绩溪县',6,'341824','3',0),('341825','341800','旌德县',7,'341825','3',0),('341881','341800','宁国市',8,'341881','3',0),('350000','0','福建省',13,'350000','1',0),('350100','350000','福州市',1,'350100','2',0),('350102','350100','鼓楼区',2,'350102','3',0),('350103','350100','台江区',3,'350103','3',0),('350104','350100','仓山区',4,'350104','3',0),('350105','350100','马尾区',5,'350105','3',0),('350111','350100','晋安区',6,'350111','3',0),('350121','350100','闽侯县',7,'350121','3',0),('350122','350100','连江县',8,'350122','3',0),('350123','350100','罗源县',9,'350123','3',0),('350124','350100','闽清县',10,'350124','3',0),('350125','350100','永泰县',11,'350125','3',0),('350128','350100','平潭县',12,'350128','3',0),('350181','350100','福清市',13,'350181','3',0),('350182','350100','长乐市',14,'350182','3',0),('350200','350000','厦门市',2,'350200','2',0),('350203','350200','思明区',2,'350203','3',0),('350205','350200','海沧区',3,'350205','3',0),('350206','350200','湖里区',4,'350206','3',0),('350211','350200','集美区',5,'350211','3',0),('350212','350200','同安区',6,'350212','3',0),('350213','350200','翔安区',7,'350213','3',0),('350300','350000','莆田市',3,'350300','2',0),('350302','350300','城厢区',2,'350302','3',0),('350303','350300','涵江区',3,'350303','3',0),('350304','350300','荔城区',4,'350304','3',0),('350305','350300','秀屿区',5,'350305','3',0),('350322','350300','仙游县',6,'350322','3',0),('350400','350000','三明市',4,'350400','2',0),('350402','350400','梅列区',2,'350402','3',0),('350403','350400','三元区',3,'350403','3',0),('350421','350400','明溪县',4,'350421','3',0),('350423','350400','清流县',5,'350423','3',0),('350424','350400','宁化县',6,'350424','3',0),('350425','350400','大田县',7,'350425','3',0),('350426','350400','尤溪县',8,'350426','3',0),('350427','350400','沙　县',9,'350427','3',0),('350428','350400','将乐县',10,'350428','3',0),('350429','350400','泰宁县',11,'350429','3',0),('350430','350400','建宁县',12,'350430','3',0),('350481','350400','永安市',13,'350481','3',0),('350500','350000','泉州市',5,'350500','2',0),('350502','350500','鲤城区',2,'350502','3',0),('350503','350500','丰泽区',3,'350503','3',0),('350504','350500','洛江区',4,'350504','3',0),('350505','350500','泉港区',5,'350505','3',0),('350521','350500','惠安县',6,'350521','3',0),('350524','350500','安溪县',7,'350524','3',0),('350525','350500','永春县',8,'350525','3',0),('350526','350500','德化县',9,'350526','3',0),('350527','350500','金门县',10,'350527','3',0),('350581','350500','石狮市',11,'350581','3',0),('350582','350500','晋江市',12,'350582','3',0),('350583','350500','南安市',13,'350583','3',0),('350600','350000','漳州市',6,'350600','2',0),('350602','350600','芗城区',2,'350602','3',0),('350603','350600','龙文区',3,'350603','3',0),('350622','350600','云霄县',4,'350622','3',0),('350623','350600','漳浦县',5,'350623','3',0),('350624','350600','诏安县',6,'350624','3',0),('350625','350600','长泰县',7,'350625','3',0),('350626','350600','东山县',8,'350626','3',0),('350627','350600','南靖县',9,'350627','3',0),('350628','350600','平和县',10,'350628','3',0),('350629','350600','华安县',11,'350629','3',0),('350681','350600','龙海市',12,'350681','3',0),('350700','350000','南平市',7,'350700','2',0),('350702','350700','延平区',2,'350702','3',0),('350721','350700','顺昌县',3,'350721','3',0),('350722','350700','浦城县',4,'350722','3',0),('350723','350700','光泽县',5,'350723','3',0),('350724','350700','松溪县',6,'350724','3',0),('350725','350700','政和县',7,'350725','3',0),('350781','350700','邵武市',8,'350781','3',0),('350782','350700','武夷山市',9,'350782','3',0),('350783','350700','建瓯市',10,'350783','3',0),('350784','350700','建阳市',11,'350784','3',0),('350800','350000','龙岩市',8,'350800','2',0),('350802','350800','新罗区',2,'350802','3',0),('350821','350800','长汀县',3,'350821','3',0),('350822','350800','永定县',4,'350822','3',0),('350823','350800','上杭县',5,'350823','3',0),('350824','350800','武平县',6,'350824','3',0),('350825','350800','连城县',7,'350825','3',0),('350881','350800','漳平市',8,'350881','3',0),('350900','350000','宁德市',9,'350900','2',0),('350902','350900','蕉城区',2,'350902','3',0),('350921','350900','霞浦县',3,'350921','3',0),('350922','350900','古田县',4,'350922','3',0),('350923','350900','屏南县',5,'350923','3',0),('350924','350900','寿宁县',6,'350924','3',0),('350925','350900','周宁县',7,'350925','3',0),('350926','350900','柘荣县',8,'350926','3',0),('350981','350900','福安市',9,'350981','3',0),('350982','350900','福鼎市',10,'350982','3',0),('360000','0','江西省',14,'360000','1',0),('360100','360000','南昌市',1,'360100','2',0),('360102','360100','东湖区',2,'360102','3',0),('360103','360100','西湖区',3,'360103','3',0),('360104','360100','青云谱区',4,'360104','3',0),('360105','360100','湾里区',5,'360105','3',0),('360111','360100','青山湖区',6,'360111','3',0),('360121','360100','南昌县',7,'360121','3',0),('360122','360100','新建县',8,'360122','3',0),('360123','360100','安义县',9,'360123','3',0),('360124','360100','进贤县',10,'360124','3',0),('360200','360000','景德镇市',2,'360200','2',0),('360202','360200','昌江区',2,'360202','3',0),('360203','360200','珠山区',3,'360203','3',0),('360222','360200','浮梁县',4,'360222','3',0),('360281','360200','乐平市',5,'360281','3',0),('360300','360000','萍乡市',3,'360300','2',0),('360302','360300','安源区',2,'360302','3',0),('360313','360300','湘东区',3,'360313','3',0),('360321','360300','莲花县',4,'360321','3',0),('360322','360300','上栗县',5,'360322','3',0),('360323','360300','芦溪县',6,'360323','3',0),('360400','360000','九江市',4,'360400','2',0),('360402','360400','庐山区',2,'360402','3',0),('360403','360400','浔阳区',3,'360403','3',0),('360421','360400','九江县',4,'360421','3',0),('360423','360400','武宁县',5,'360423','3',0),('360424','360400','修水县',6,'360424','3',0),('360425','360400','永修县',7,'360425','3',0),('360426','360400','德安县',8,'360426','3',0),('360427','360400','星子县',9,'360427','3',0),('360428','360400','都昌县',10,'360428','3',0),('360429','360400','湖口县',11,'360429','3',0),('360430','360400','彭泽县',12,'360430','3',0),('360481','360400','瑞昌市',13,'360481','3',0),('360500','360000','新余市',5,'360500','2',0),('360502','360500','渝水区',2,'360502','3',0),('360521','360500','分宜县',3,'360521','3',0),('360600','360000','鹰潭市',6,'360600','2',0),('360602','360600','月湖区',2,'360602','3',0),('360622','360600','余江县',3,'360622','3',0),('360681','360600','贵溪市',4,'360681','3',0),('360700','360000','赣州市',7,'360700','2',0),('360702','360700','章贡区',2,'360702','3',0),('360721','360700','赣　县',3,'360721','3',0),('360722','360700','信丰县',4,'360722','3',0),('360723','360700','大余县',5,'360723','3',0),('360724','360700','上犹县',6,'360724','3',0),('360725','360700','崇义县',7,'360725','3',0),('360726','360700','安远县',8,'360726','3',0),('360727','360700','龙南县',9,'360727','3',0),('360728','360700','定南县',10,'360728','3',0),('360729','360700','全南县',11,'360729','3',0),('360730','360700','宁都县',12,'360730','3',0),('360731','360700','于都县',13,'360731','3',0),('360732','360700','兴国县',14,'360732','3',0),('360733','360700','会昌县',15,'360733','3',0),('360734','360700','寻乌县',16,'360734','3',0),('360735','360700','石城县',17,'360735','3',0),('360781','360700','瑞金市',18,'360781','3',0),('360782','360700','南康市',19,'360782','3',0),('360800','360000','吉安市',8,'360800','2',0),('360802','360800','吉州区',2,'360802','3',0),('360803','360800','青原区',3,'360803','3',0),('360821','360800','吉安县',4,'360821','3',0),('360822','360800','吉水县',5,'360822','3',0),('360823','360800','峡江县',6,'360823','3',0),('360824','360800','新干县',7,'360824','3',0),('360825','360800','永丰县',8,'360825','3',0),('360826','360800','泰和县',9,'360826','3',0),('360827','360800','遂川县',10,'360827','3',0),('360828','360800','万安县',11,'360828','3',0),('360829','360800','安福县',12,'360829','3',0),('360830','360800','永新县',13,'360830','3',0),('360881','360800','井冈山市',14,'360881','3',0),('360900','360000','宜春市',9,'360900','2',0),('360902','360900','袁州区',2,'360902','3',0),('360921','360900','奉新县',3,'360921','3',0),('360922','360900','万载县',4,'360922','3',0),('360923','360900','上高县',5,'360923','3',0),('360924','360900','宜丰县',6,'360924','3',0),('360925','360900','靖安县',7,'360925','3',0),('360926','360900','铜鼓县',8,'360926','3',0),('360981','360900','丰城市',9,'360981','3',0),('360982','360900','樟树市',10,'360982','3',0),('360983','360900','高安市',11,'360983','3',0),('361000','360000','抚州市',10,'361000','2',0),('361002','361000','临川区',2,'361002','3',0),('361021','361000','南城县',3,'361021','3',0),('361022','361000','黎川县',4,'361022','3',0),('361023','361000','南丰县',5,'361023','3',0),('361024','361000','崇仁县',6,'361024','3',0),('361025','361000','乐安县',7,'361025','3',0),('361026','361000','宜黄县',8,'361026','3',0),('361027','361000','金溪县',9,'361027','3',0),('361028','361000','资溪县',10,'361028','3',0),('361029','361000','东乡县',11,'361029','3',0),('361030','361000','广昌县',12,'361030','3',0),('361100','360000','上饶市',11,'361100','2',0),('361102','361100','信州区',2,'361102','3',0),('361121','361100','上饶县',3,'361121','3',0),('361122','361100','广丰县',4,'361122','3',0),('361123','361100','玉山县',5,'361123','3',0),('361124','361100','铅山县',6,'361124','3',0),('361125','361100','横峰县',7,'361125','3',0),('361126','361100','弋阳县',8,'361126','3',0),('361127','361100','余干县',9,'361127','3',0),('361128','361100','鄱阳县',10,'361128','3',0),('361129','361100','万年县',11,'361129','3',0),('361130','361100','婺源县',12,'361130','3',0),('361181','361100','德兴市',13,'361181','3',0),('370000','0','山东省',15,'370000','1',0),('370100','370000','济南市',1,'370100','2',0),('370102','370100','历下区',2,'370102','3',0),('370103','370100','市中区',3,'370103','3',0),('370104','370100','槐荫区',4,'370104','3',0),('370105','370100','天桥区',5,'370105','3',0),('370112','370100','历城区',6,'370112','3',0),('370113','370100','长清区',7,'370113','3',0),('370124','370100','平阴县',8,'370124','3',0),('370125','370100','济阳县',9,'370125','3',0),('370126','370100','商河县',10,'370126','3',0),('370181','370100','章丘市',11,'370181','3',0),('370200','370000','青岛市',2,'370200','2',0),('370202','370200','市南区',2,'370202','3',0),('370203','370200','市北区',3,'370203','3',0),('370205','370200','四方区',4,'370205','3',0),('370211','370200','黄岛区',5,'370211','3',0),('370212','370200','崂山区',6,'370212','3',0),('370213','370200','李沧区',7,'370213','3',0),('370214','370200','城阳区',8,'370214','3',0),('370281','370200','胶州市',9,'370281','3',0),('370282','370200','即墨市',10,'370282','3',0),('370283','370200','平度市',11,'370283','3',0),('370284','370200','胶南市',12,'370284','3',0),('370285','370200','莱西市',13,'370285','3',0),('370300','370000','淄博市',3,'370300','2',0),('370302','370300','淄川区',2,'370302','3',0),('370303','370300','张店区',3,'370303','3',0),('370304','370300','博山区',4,'370304','3',0),('370305','370300','临淄区',5,'370305','3',0),('370306','370300','周村区',6,'370306','3',0),('370321','370300','桓台县',7,'370321','3',0),('370322','370300','高青县',8,'370322','3',0),('370323','370300','沂源县',9,'370323','3',0),('370400','370000','枣庄市',4,'370400','2',0),('370402','370400','市中区',2,'370402','3',0),('370403','370400','薛城区',3,'370403','3',0),('370404','370400','峄城区',4,'370404','3',0),('370405','370400','台儿庄区',5,'370405','3',0),('370406','370400','山亭区',6,'370406','3',0),('370481','370400','滕州市',7,'370481','3',0),('370500','370000','东营市',5,'370500','2',0),('370502','370500','东营区',2,'370502','3',0),('370503','370500','河口区',3,'370503','3',0),('370521','370500','垦利县',4,'370521','3',0),('370522','370500','利津县',5,'370522','3',0),('370523','370500','广饶县',6,'370523','3',0),('370600','370000','烟台市',6,'370600','2',0),('370602','370600','芝罘区',2,'370602','3',0),('370611','370600','福山区',3,'370611','3',0),('370612','370600','牟平区',4,'370612','3',0),('370613','370600','莱山区',5,'370613','3',0),('370634','370600','长岛县',6,'370634','3',0),('370681','370600','龙口市',7,'370681','3',0),('370682','370600','莱阳市',8,'370682','3',0),('370683','370600','莱州市',9,'370683','3',0),('370684','370600','蓬莱市',10,'370684','3',0),('370685','370600','招远市',11,'370685','3',0),('370686','370600','栖霞市',12,'370686','3',0),('370687','370600','海阳市',13,'370687','3',0),('370700','370000','潍坊市',7,'370700','2',0),('370702','370700','潍城区',2,'370702','3',0),('370703','370700','寒亭区',3,'370703','3',0),('370704','370700','坊子区',4,'370704','3',0),('370705','370700','奎文区',5,'370705','3',0),('370724','370700','临朐县',6,'370724','3',0),('370725','370700','昌乐县',7,'370725','3',0),('370781','370700','青州市',8,'370781','3',0),('370782','370700','诸城市',9,'370782','3',0),('370783','370700','寿光市',10,'370783','3',0),('370784','370700','安丘市',11,'370784','3',0),('370785','370700','高密市',12,'370785','3',0),('370786','370700','昌邑市',13,'370786','3',0),('370800','370000','济宁市',8,'370800','2',0),('370802','370800','市中区',2,'370802','3',0),('370811','370800','任城区',3,'370811','3',0),('370826','370800','微山县',4,'370826','3',0),('370827','370800','鱼台县',5,'370827','3',0),('370828','370800','金乡县',6,'370828','3',0),('370829','370800','嘉祥县',7,'370829','3',0),('370830','370800','汶上县',8,'370830','3',0),('370831','370800','泗水县',9,'370831','3',0),('370832','370800','梁山县',10,'370832','3',0),('370881','370800','曲阜市',11,'370881','3',0),('370882','370800','兖州市',12,'370882','3',0),('370883','370800','邹城市',13,'370883','3',0),('370900','370000','泰安市',9,'370900','2',0),('370902','370900','泰山区',2,'370902','3',0),('370903','370900','岱岳区',3,'370903','3',0),('370921','370900','宁阳县',4,'370921','3',0),('370923','370900','东平县',5,'370923','3',0),('370982','370900','新泰市',6,'370982','3',0),('370983','370900','肥城市',7,'370983','3',0),('371000','370000','威海市',10,'371000','2',0),('371002','371000','环翠区',2,'371002','3',0),('371081','371000','文登市',3,'371081','3',0),('371082','371000','荣成市',4,'371082','3',0),('371083','371000','乳山市',5,'371083','3',0),('371100','370000','日照市',11,'371100','2',0),('371102','371100','东港区',2,'371102','3',0),('371103','371100','岚山区',3,'371103','3',0),('371121','371100','五莲县',4,'371121','3',0),('371122','371100','莒　县',5,'371122','3',0),('371200','370000','莱芜市',12,'371200','2',0),('371202','371200','莱城区',2,'371202','3',0),('371203','371200','钢城区',3,'371203','3',0),('371300','370000','临沂市',13,'371300','2',0),('371302','371300','兰山区',2,'371302','3',0),('371311','371300','罗庄区',3,'371311','3',0),('371312','371300','河东区',4,'371312','3',0),('371321','371300','沂南县',5,'371321','3',0),('371322','371300','郯城县',6,'371322','3',0),('371323','371300','沂水县',7,'371323','3',0),('371324','371300','苍山县',8,'371324','3',0),('371325','371300','费　县',9,'371325','3',0),('371326','371300','平邑县',10,'371326','3',0),('371327','371300','莒南县',11,'371327','3',0),('371328','371300','蒙阴县',12,'371328','3',0),('371329','371300','临沭县',13,'371329','3',0),('371400','370000','德州市',14,'371400','2',0),('371402','371400','德城区',2,'371402','3',0),('371421','371400','陵　县',3,'371421','3',0),('371422','371400','宁津县',4,'371422','3',0),('371423','371400','庆云县',5,'371423','3',0),('371424','371400','临邑县',6,'371424','3',0),('371425','371400','齐河县',7,'371425','3',0),('371426','371400','平原县',8,'371426','3',0),('371427','371400','夏津县',9,'371427','3',0),('371428','371400','武城县',10,'371428','3',0),('371481','371400','乐陵市',11,'371481','3',0),('371482','371400','禹城市',12,'371482','3',0),('371500','370000','聊城市',15,'371500','2',0),('371502','371500','东昌府区',2,'371502','3',0),('371521','371500','阳谷县',3,'371521','3',0),('371522','371500','莘　县',4,'371522','3',0),('371523','371500','茌平县',5,'371523','3',0),('371524','371500','东阿县',6,'371524','3',0),('371525','371500','冠　县',7,'371525','3',0),('371526','371500','高唐县',8,'371526','3',0),('371581','371500','临清市',9,'371581','3',0),('371600','370000','滨州市',16,'371600','2',0),('371602','371600','滨城区',2,'371602','3',0),('371621','371600','惠民县',3,'371621','3',0),('371622','371600','阳信县',4,'371622','3',0),('371623','371600','无棣县',5,'371623','3',0),('371624','371600','沾化县',6,'371624','3',0),('371625','371600','博兴县',7,'371625','3',0),('371626','371600','邹平县',8,'371626','3',0),('371700','370000','荷泽市',17,'371700','2',0),('371702','371700','牡丹区',2,'371702','3',0),('371721','371700','曹　县',3,'371721','3',0),('371722','371700','单　县',4,'371722','3',0),('371723','371700','成武县',5,'371723','3',0),('371724','371700','巨野县',6,'371724','3',0),('371725','371700','郓城县',7,'371725','3',0),('371726','371700','鄄城县',8,'371726','3',0),('371727','371700','定陶县',9,'371727','3',0),('371728','371700','东明县',10,'371728','3',0),('410000','0','河南省',16,'410000','1',0),('410100','410000','郑州市',1,'410100','2',0),('410102','410100','中原区',2,'410102','3',0),('410103','410100','二七区',3,'410103','3',0),('410104','410100','管城回族区',4,'410104','3',0),('410105','410100','金水区',5,'410105','3',0),('410106','410100','上街区',6,'410106','3',0),('410108','410100','邙山区',7,'410108','3',0),('410122','410100','中牟县',8,'410122','3',0),('410181','410100','巩义市',9,'410181','3',0),('410182','410100','荥阳市',10,'410182','3',0),('410183','410100','新密市',11,'410183','3',0),('410184','410100','新郑市',12,'410184','3',0),('410185','410100','登封市',13,'410185','3',0),('410200','410000','开封市',2,'410200','2',0),('410202','410200','龙亭区',2,'410202','3',0),('410203','410200','顺河回族区',3,'410203','3',0),('410204','410200','鼓楼区',4,'410204','3',0),('410205','410200','南关区',5,'410205','3',0),('410211','410200','郊　区',6,'410211','3',0),('410221','410200','杞　县',7,'410221','3',0),('410222','410200','通许县',8,'410222','3',0),('410223','410200','尉氏县',9,'410223','3',0),('410224','410200','开封县',10,'410224','3',0),('410225','410200','兰考县',11,'410225','3',0),('410300','410000','洛阳市',3,'410300','2',0),('410302','410300','老城区',2,'410302','3',0),('410303','410300','西工区',3,'410303','3',0),('410304','410300','廛河回族区',4,'410304','3',0),('410305','410300','涧西区',5,'410305','3',0),('410306','410300','吉利区',6,'410306','3',0),('410307','410300','洛龙区',7,'410307','3',0),('410322','410300','孟津县',8,'410322','3',0),('410323','410300','新安县',9,'410323','3',0),('410324','410300','栾川县',10,'410324','3',0),('410325','410300','嵩　县',11,'410325','3',0),('410326','410300','汝阳县',12,'410326','3',0),('410327','410300','宜阳县',13,'410327','3',0),('410328','410300','洛宁县',14,'410328','3',0),('410329','410300','伊川县',15,'410329','3',0),('410381','410300','偃师市',16,'410381','3',0),('410400','410000','平顶山市',4,'410400','2',0),('410402','410400','新华区',2,'410402','3',0),('410403','410400','卫东区',3,'410403','3',0),('410404','410400','石龙区',4,'410404','3',0),('410411','410400','湛河区',5,'410411','3',0),('410421','410400','宝丰县',6,'410421','3',0),('410422','410400','叶　县',7,'410422','3',0),('410423','410400','鲁山县',8,'410423','3',0),('410425','410400','郏　县',9,'410425','3',0),('410481','410400','舞钢市',10,'410481','3',0),('410482','410400','汝州市',11,'410482','3',0),('410500','410000','安阳市',5,'410500','2',0),('410502','410500','文峰区',2,'410502','3',0),('410503','410500','北关区',3,'410503','3',0),('410505','410500','殷都区',4,'410505','3',0),('410506','410500','龙安区',5,'410506','3',0),('410522','410500','安阳县',6,'410522','3',0),('410523','410500','汤阴县',7,'410523','3',0),('410526','410500','滑　县',8,'410526','3',0),('410527','410500','内黄县',9,'410527','3',0),('410581','410500','林州市',10,'410581','3',0),('410600','410000','鹤壁市',6,'410600','2',0),('410602','410600','鹤山区',2,'410602','3',0),('410603','410600','山城区',3,'410603','3',0),('410611','410600','淇滨区',4,'410611','3',0),('410621','410600','浚　县',5,'410621','3',0),('410622','410600','淇　县',6,'410622','3',0),('410700','410000','新乡市',7,'410700','2',0),('410702','410700','红旗区',2,'410702','3',0),('410703','410700','卫滨区',3,'410703','3',0),('410704','410700','凤泉区',4,'410704','3',0),('410711','410700','牧野区',5,'410711','3',0),('410721','410700','新乡县',6,'410721','3',0),('410724','410700','获嘉县',7,'410724','3',0),('410725','410700','原阳县',8,'410725','3',0),('410726','410700','延津县',9,'410726','3',0),('410727','410700','封丘县',10,'410727','3',0),('410728','410700','长垣县',11,'410728','3',0),('410781','410700','卫辉市',12,'410781','3',0),('410782','410700','辉县市',13,'410782','3',0),('410800','410000','焦作市',8,'410800','2',0),('410802','410800','解放区',2,'410802','3',0),('410803','410800','中站区',3,'410803','3',0),('410804','410800','马村区',4,'410804','3',0),('410811','410800','山阳区',5,'410811','3',0),('410821','410800','修武县',6,'410821','3',0),('410822','410800','博爱县',7,'410822','3',0),('410823','410800','武陟县',8,'410823','3',0),('410825','410800','温　县',9,'410825','3',0),('410881','410800','济源市',10,'410881','3',0),('410882','410800','沁阳市',11,'410882','3',0),('410883','410800','孟州市',12,'410883','3',0),('410900','410000','濮阳市',9,'410900','2',0),('410902','410900','华龙区',2,'410902','3',0),('410922','410900','清丰县',3,'410922','3',0),('410923','410900','南乐县',4,'410923','3',0),('410926','410900','范　县',5,'410926','3',0),('410927','410900','台前县',6,'410927','3',0),('410928','410900','濮阳县',7,'410928','3',0),('411000','410000','许昌市',10,'411000','2',0),('411002','411000','魏都区',2,'411002','3',0),('411023','411000','许昌县',3,'411023','3',0),('411024','411000','鄢陵县',4,'411024','3',0),('411025','411000','襄城县',5,'411025','3',0),('411081','411000','禹州市',6,'411081','3',0),('411082','411000','长葛市',7,'411082','3',0),('411100','410000','漯河市',11,'411100','2',0),('411102','411100','源汇区',2,'411102','3',0),('411103','411100','郾城区',3,'411103','3',0),('411104','411100','召陵区',4,'411104','3',0),('411121','411100','舞阳县',5,'411121','3',0),('411122','411100','临颍县',6,'411122','3',0),('411200','410000','三门峡市',12,'411200','2',0),('411202','411200','湖滨区',2,'411202','3',0),('411221','411200','渑池县',3,'411221','3',0),('411222','411200','陕　县',4,'411222','3',0),('411224','411200','卢氏县',5,'411224','3',0),('411281','411200','义马市',6,'411281','3',0),('411282','411200','灵宝市',7,'411282','3',0),('411300','410000','南阳市',13,'411300','2',0),('411302','411300','宛城区',2,'411302','3',0),('411303','411300','卧龙区',3,'411303','3',0),('411321','411300','南召县',4,'411321','3',0),('411322','411300','方城县',5,'411322','3',0),('411323','411300','西峡县',6,'411323','3',0),('411324','411300','镇平县',7,'411324','3',0),('411325','411300','内乡县',8,'411325','3',0),('411326','411300','淅川县',9,'411326','3',0),('411327','411300','社旗县',10,'411327','3',0),('411328','411300','唐河县',11,'411328','3',0),('411329','411300','新野县',12,'411329','3',0),('411330','411300','桐柏县',13,'411330','3',0),('411381','411300','邓州市',14,'411381','3',0),('411400','410000','商丘市',14,'411400','2',0),('411402','411400','梁园区',2,'411402','3',0),('411403','411400','睢阳区',3,'411403','3',0),('411421','411400','民权县',4,'411421','3',0),('411422','411400','睢　县',5,'411422','3',0),('411423','411400','宁陵县',6,'411423','3',0),('411424','411400','柘城县',7,'411424','3',0),('411425','411400','虞城县',8,'411425','3',0),('411426','411400','夏邑县',9,'411426','3',0),('411481','411400','永城市',10,'411481','3',0),('411500','410000','信阳市',15,'411500','2',0),('411502','411500','师河区',2,'411502','3',0),('411503','411500','平桥区',3,'411503','3',0),('411521','411500','罗山县',4,'411521','3',0),('411522','411500','光山县',5,'411522','3',0),('411523','411500','新　县',6,'411523','3',0),('411524','411500','商城县',7,'411524','3',0),('411525','411500','固始县',8,'411525','3',0),('411526','411500','潢川县',9,'411526','3',0),('411527','411500','淮滨县',10,'411527','3',0),('411528','411500','息　县',11,'411528','3',0),('411600','410000','周口市',16,'411600','2',0),('411602','411600','川汇区',2,'411602','3',0),('411621','411600','扶沟县',3,'411621','3',0),('411622','411600','西华县',4,'411622','3',0),('411623','411600','商水县',5,'411623','3',0),('411624','411600','沈丘县',6,'411624','3',0),('411625','411600','郸城县',7,'411625','3',0),('411626','411600','淮阳县',8,'411626','3',0),('411627','411600','太康县',9,'411627','3',0),('411628','411600','鹿邑县',10,'411628','3',0),('411681','411600','项城市',11,'411681','3',0),('411700','410000','驻马店市',17,'411700','2',0),('411702','411700','驿城区',2,'411702','3',0),('411721','411700','西平县',3,'411721','3',0),('411722','411700','上蔡县',4,'411722','3',0),('411723','411700','平舆县',5,'411723','3',0),('411724','411700','正阳县',6,'411724','3',0),('411725','411700','确山县',7,'411725','3',0),('411726','411700','泌阳县',8,'411726','3',0),('411727','411700','汝南县',9,'411727','3',0),('411728','411700','遂平县',10,'411728','3',0),('411729','411700','新蔡县',11,'411729','3',0),('420000','0','湖北省',17,'420000','1',0),('420100','420000','武汉市',1,'420100','2',0),('420102','420100','江岸区',2,'420102','3',0),('420103','420100','江汉区',3,'420103','3',0),('420104','420100','乔口区',4,'420104','3',0),('420105','420100','汉阳区',5,'420105','3',0),('420106','420100','武昌区',6,'420106','3',0),('420107','420100','青山区',7,'420107','3',0),('420111','420100','洪山区',8,'420111','3',0),('420112','420100','东西湖区',9,'420112','3',0),('420113','420100','汉南区',10,'420113','3',0),('420114','420100','蔡甸区',11,'420114','3',0),('420115','420100','江夏区',12,'420115','3',0),('420116','420100','黄陂区',13,'420116','3',0),('420117','420100','新洲区',14,'420117','3',0),('420200','420000','黄石市',2,'420200','2',0),('420202','420200','黄石港区',2,'420202','3',0),('420203','420200','西塞山区',3,'420203','3',0),('420204','420200','下陆区',4,'420204','3',0),('420205','420200','铁山区',5,'420205','3',0),('420222','420200','阳新县',6,'420222','3',0),('420281','420200','大冶市',7,'420281','3',0),('420300','420000','十堰市',3,'420300','2',0),('420302','420300','茅箭区',2,'420302','3',0),('420303','420300','张湾区',3,'420303','3',0),('420321','420300','郧　县',4,'420321','3',0),('420322','420300','郧西县',5,'420322','3',0),('420323','420300','竹山县',6,'420323','3',0),('420324','420300','竹溪县',7,'420324','3',0),('420325','420300','房　县',8,'420325','3',0),('420381','420300','丹江口市',9,'420381','3',0),('420500','420000','宜昌市',4,'420500','2',0),('420502','420500','西陵区',2,'420502','3',0),('420503','420500','伍家岗区',3,'420503','3',0),('420504','420500','点军区',4,'420504','3',0),('420505','420500','猇亭区',5,'420505','3',0),('420506','420500','夷陵区',6,'420506','3',0),('420525','420500','远安县',7,'420525','3',0),('420526','420500','兴山县',8,'420526','3',0),('420527','420500','秭归县',9,'420527','3',0),('420528','420500','长阳土家族自治县',10,'420528','3',0),('420529','420500','五峰土家族自治县',11,'420529','3',0),('420581','420500','宜都市',12,'420581','3',0),('420582','420500','当阳市',13,'420582','3',0),('420583','420500','枝江市',14,'420583','3',0),('420600','420000','襄阳市',5,'420600','2',0),('420602','420600','襄城区',2,'420602','3',0),('420606','420600','樊城区',3,'420606','3',0),('420607','420600','襄阳区',4,'420607','3',0),('420624','420600','南漳县',5,'420624','3',0),('420625','420600','谷城县',6,'420625','3',0),('420626','420600','保康县',7,'420626','3',0),('420682','420600','老河口市',8,'420682','3',0),('420683','420600','枣阳市',9,'420683','3',0),('420684','420600','宜城市',10,'420684','3',0),('420700','420000','鄂州市',6,'420700','2',0),('420702','420700','梁子湖区',2,'420702','3',0),('420703','420700','华容区',3,'420703','3',0),('420704','420700','鄂城区',4,'420704','3',0),('420800','420000','荆门市',7,'420800','2',0),('420802','420800','东宝区',2,'420802','3',0),('420804','420800','掇刀区',3,'420804','3',0),('420821','420800','京山县',4,'420821','3',0),('420822','420800','沙洋县',5,'420822','3',0),('420881','420800','钟祥市',6,'420881','3',0),('420900','420000','孝感市',8,'420900','2',0),('420902','420900','孝南区',2,'420902','3',0),('420921','420900','孝昌县',3,'420921','3',0),('420922','420900','大悟县',4,'420922','3',0),('420923','420900','云梦县',5,'420923','3',0),('420981','420900','应城市',6,'420981','3',0),('420982','420900','安陆市',7,'420982','3',0),('420984','420900','汉川市',8,'420984','3',0),('421000','420000','荆州市',9,'421000','2',0),('421002','421000','沙市区',2,'421002','3',0),('421003','421000','荆州区',3,'421003','3',0),('421022','421000','公安县',4,'421022','3',0),('421023','421000','监利县',5,'421023','3',0),('421024','421000','江陵县',6,'421024','3',0),('421081','421000','石首市',7,'421081','3',0),('421083','421000','洪湖市',8,'421083','3',0),('421087','421000','松滋市',9,'421087','3',0),('421100','420000','黄冈市',10,'421100','2',0),('421102','421100','黄州区',2,'421102','3',0),('421121','421100','团风县',3,'421121','3',0),('421122','421100','红安县',4,'421122','3',0),('421123','421100','罗田县',5,'421123','3',0),('421124','421100','英山县',6,'421124','3',0),('421125','421100','浠水县',7,'421125','3',0),('421126','421100','蕲春县',8,'421126','3',0),('421127','421100','黄梅县',9,'421127','3',0),('421181','421100','麻城市',10,'421181','3',0),('421182','421100','武穴市',11,'421182','3',0),('421200','420000','咸宁市',11,'421200','2',0),('421202','421200','咸安区',2,'421202','3',0),('421221','421200','嘉鱼县',3,'421221','3',0),('421222','421200','通城县',4,'421222','3',0),('421223','421200','崇阳县',5,'421223','3',0),('421224','421200','通山县',6,'421224','3',0),('421281','421200','赤壁市',7,'421281','3',0),('421300','420000','随州市',12,'421300','2',0),('421302','421300','曾都区',2,'421302','3',0),('421381','421300','广水市',3,'421381','3',0),('422800','420000','恩施土家族苗族自治州',13,'422800','2',0),('422801','422800','恩施市',1,'422801','3',0),('422802','422800','利川市',2,'422802','3',0),('422822','422800','建始县',3,'422822','3',0),('422823','422800','巴东县',4,'422823','3',0),('422825','422800','宣恩县',5,'422825','3',0),('422826','422800','咸丰县',6,'422826','3',0),('422827','422800','来凤县',7,'422827','3',0),('422828','422800','鹤峰县',8,'422828','3',0),('429000','420000','省直辖行政单位',14,'429000','2',0),('429004','429000','仙桃市',1,'429004','3',0),('429005','429000','潜江市',2,'429005','3',0),('429006','429000','天门市',3,'429006','3',0),('429021','429000','神农架林区',4,'429021','3',0),('430000','0','湖南省',18,'430000','1',0),('430100','430000','长沙市',1,'430100','2',0),('430102','430100','芙蓉区',2,'430102','3',0),('430103','430100','天心区',3,'430103','3',0),('430104','430100','岳麓区',4,'430104','3',0),('430105','430100','开福区',5,'430105','3',0),('430111','430100','雨花区',6,'430111','3',0),('430121','430100','长沙县',7,'430121','3',0),('430122','430100','望城县',8,'430122','3',0),('430124','430100','宁乡县',9,'430124','3',0),('430181','430100','浏阳市',10,'430181','3',0),('430200','430000','株洲市',2,'430200','2',0),('430202','430200','荷塘区',2,'430202','3',0),('430203','430200','芦淞区',3,'430203','3',0),('430204','430200','石峰区',4,'430204','3',0),('430211','430200','天元区',5,'430211','3',0),('430221','430200','株洲县',6,'430221','3',0),('430223','430200','攸　县',7,'430223','3',0),('430224','430200','茶陵县',8,'430224','3',0),('430225','430200','炎陵县',9,'430225','3',0),('430281','430200','醴陵市',10,'430281','3',0),('430300','430000','湘潭市',3,'430300','2',0),('430302','430300','雨湖区',2,'430302','3',0),('430304','430300','岳塘区',3,'430304','3',0),('430321','430300','湘潭县',4,'430321','3',0),('430381','430300','湘乡市',5,'430381','3',0),('430382','430300','韶山市',6,'430382','3',0),('430400','430000','衡阳市',4,'430400','2',0),('430405','430400','珠晖区',2,'430405','3',0),('430406','430400','雁峰区',3,'430406','3',0),('430407','430400','石鼓区',4,'430407','3',0),('430408','430400','蒸湘区',5,'430408','3',0),('430412','430400','南岳区',6,'430412','3',0),('430421','430400','衡阳县',7,'430421','3',0),('430422','430400','衡南县',8,'430422','3',0),('430423','430400','衡山县',9,'430423','3',0),('430424','430400','衡东县',10,'430424','3',0),('430426','430400','祁东县',11,'430426','3',0),('430481','430400','耒阳市',12,'430481','3',0),('430482','430400','常宁市',13,'430482','3',0),('430500','430000','邵阳市',5,'430500','2',0),('430502','430500','双清区',2,'430502','3',0),('430503','430500','大祥区',3,'430503','3',0),('430511','430500','北塔区',4,'430511','3',0),('430521','430500','邵东县',5,'430521','3',0),('430522','430500','新邵县',6,'430522','3',0),('430523','430500','邵阳县',7,'430523','3',0),('430524','430500','隆回县',8,'430524','3',0),('430525','430500','洞口县',9,'430525','3',0),('430527','430500','绥宁县',10,'430527','3',0),('430528','430500','新宁县',11,'430528','3',0),('430529','430500','城步苗族自治县',12,'430529','3',0),('430581','430500','武冈市',13,'430581','3',0),('430600','430000','岳阳市',6,'430600','2',0),('430602','430600','岳阳楼区',2,'430602','3',0),('430603','430600','云溪区',3,'430603','3',0),('430611','430600','君山区',4,'430611','3',0),('430621','430600','岳阳县',5,'430621','3',0),('430623','430600','华容县',6,'430623','3',0),('430624','430600','湘阴县',7,'430624','3',0),('430626','430600','平江县',8,'430626','3',0),('430681','430600','汨罗市',9,'430681','3',0),('430682','430600','临湘市',10,'430682','3',0),('430700','430000','常德市',7,'430700','2',0),('430702','430700','武陵区',2,'430702','3',0),('430703','430700','鼎城区',3,'430703','3',0),('430721','430700','安乡县',4,'430721','3',0),('430722','430700','汉寿县',5,'430722','3',0),('430723','430700','澧　县',6,'430723','3',0),('430724','430700','临澧县',7,'430724','3',0),('430725','430700','桃源县',8,'430725','3',0),('430726','430700','石门县',9,'430726','3',0),('430781','430700','津市市',10,'430781','3',0),('430800','430000','张家界市',8,'430800','2',0),('430802','430800','永定区',2,'430802','3',0),('430811','430800','武陵源区',3,'430811','3',0),('430821','430800','慈利县',4,'430821','3',0),('430822','430800','桑植县',5,'430822','3',0),('430900','430000','益阳市',9,'430900','2',0),('430902','430900','资阳区',2,'430902','3',0),('430903','430900','赫山区',3,'430903','3',0),('430921','430900','南　县',4,'430921','3',0),('430922','430900','桃江县',5,'430922','3',0),('430923','430900','安化县',6,'430923','3',0),('430981','430900','沅江市',7,'430981','3',0),('431000','430000','郴州市',10,'431000','2',0),('431002','431000','北湖区',2,'431002','3',0),('431003','431000','苏仙区',3,'431003','3',0),('431021','431000','桂阳县',4,'431021','3',0),('431022','431000','宜章县',5,'431022','3',0),('431023','431000','永兴县',6,'431023','3',0),('431024','431000','嘉禾县',7,'431024','3',0),('431025','431000','临武县',8,'431025','3',0),('431026','431000','汝城县',9,'431026','3',0),('431027','431000','桂东县',10,'431027','3',0),('431028','431000','安仁县',11,'431028','3',0),('431081','431000','资兴市',12,'431081','3',0),('431100','430000','永州市',11,'431100','2',0),('431102','431100','芝山区',2,'431102','3',0),('431103','431100','冷水滩区',3,'431103','3',0),('431121','431100','祁阳县',4,'431121','3',0),('431122','431100','东安县',5,'431122','3',0),('431123','431100','双牌县',6,'431123','3',0),('431124','431100','道　县',7,'431124','3',0),('431125','431100','江永县',8,'431125','3',0),('431126','431100','宁远县',9,'431126','3',0),('431127','431100','蓝山县',10,'431127','3',0),('431128','431100','新田县',11,'431128','3',0),('431129','431100','江华瑶族自治县',12,'431129','3',0),('431200','430000','怀化市',12,'431200','2',0),('431202','431200','鹤城区',2,'431202','3',0),('431221','431200','中方县',3,'431221','3',0),('431222','431200','沅陵县',4,'431222','3',0),('431223','431200','辰溪县',5,'431223','3',0),('431224','431200','溆浦县',6,'431224','3',0),('431225','431200','会同县',7,'431225','3',0),('431226','431200','麻阳苗族自治县',8,'431226','3',0),('431227','431200','新晃侗族自治县',9,'431227','3',0),('431228','431200','芷江侗族自治县',10,'431228','3',0),('431229','431200','靖州苗族侗族自治县',11,'431229','3',0),('431230','431200','通道侗族自治县',12,'431230','3',0),('431281','431200','洪江市',13,'431281','3',0),('431300','430000','娄底市',13,'431300','2',0),('431302','431300','娄星区',2,'431302','3',0),('431321','431300','双峰县',3,'431321','3',0),('431322','431300','新化县',4,'431322','3',0),('431381','431300','冷水江市',5,'431381','3',0),('431382','431300','涟源市',6,'431382','3',0),('433100','430000','湘西土家族苗族自治州',14,'433100','2',0),('433101','433100','吉首市',1,'433101','3',0),('433122','433100','泸溪县',2,'433122','3',0),('433123','433100','凤凰县',3,'433123','3',0),('433124','433100','花垣县',4,'433124','3',0),('433125','433100','保靖县',5,'433125','3',0),('433126','433100','古丈县',6,'433126','3',0),('433127','433100','永顺县',7,'433127','3',0),('433130','433100','龙山县',8,'433130','3',0),('440000','0','广东省',19,'440000','1',0),('440100','440000','广州市',1,'440100','2',0),('440102','440100','东山区',2,'440102','3',0),('440103','440100','荔湾区',3,'440103','3',0),('440104','440100','越秀区',4,'440104','3',0),('440105','440100','海珠区',5,'440105','3',0),('440106','440100','天河区',6,'440106','3',0),('440107','440100','芳村区',7,'440107','3',0),('440111','440100','白云区',8,'440111','3',0),('440112','440100','黄埔区',9,'440112','3',0),('440113','440100','番禺区',10,'440113','3',0),('440114','440100','花都区',11,'440114','3',0),('440183','440100','增城市',12,'440183','3',0),('440184','440100','从化市',13,'440184','3',0),('440200','440000','韶关市',2,'440200','2',0),('440203','440200','武江区',2,'440203','3',0),('440204','440200','浈江区',3,'440204','3',0),('440205','440200','曲江区',4,'440205','3',0),('440222','440200','始兴县',5,'440222','3',0),('440224','440200','仁化县',6,'440224','3',0),('440229','440200','翁源县',7,'440229','3',0),('440232','440200','乳源瑶族自治县',8,'440232','3',0),('440233','440200','新丰县',9,'440233','3',0),('440281','440200','乐昌市',10,'440281','3',0),('440282','440200','南雄市',11,'440282','3',0),('440300','440000','深圳市',3,'440300','2',0),('440303','440300','罗湖区',2,'440303','3',0),('440304','440300','福田区',3,'440304','3',0),('440305','440300','南山区',4,'440305','3',0),('440306','440300','宝安区',5,'440306','3',0),('440307','440300','龙岗区',6,'440307','3',0),('440308','440300','盐田区',7,'440308','3',0),('440400','440000','珠海市',4,'440400','2',0),('440402','440400','香洲区',2,'440402','3',0),('440403','440400','斗门区',3,'440403','3',0),('440404','440400','金湾区',4,'440404','3',0),('440500','440000','汕头市',5,'440500','2',0),('440507','440500','龙湖区',2,'440507','3',0),('440511','440500','金平区',3,'440511','3',0),('440512','440500','濠江区',4,'440512','3',0),('440513','440500','潮阳区',5,'440513','3',0),('440514','440500','潮南区',6,'440514','3',0),('440515','440500','澄海区',7,'440515','3',0),('440523','440500','南澳县',8,'440523','3',0),('440600','440000','佛山市',6,'440600','2',0),('440604','440600','禅城区',2,'440604','3',0),('440605','440600','南海区',3,'440605','3',0),('440606','440600','顺德区',4,'440606','3',0),('440607','440600','三水区',5,'440607','3',0),('440608','440600','高明区',6,'440608','3',0),('440700','440000','江门市',7,'440700','2',0),('440703','440700','蓬江区',2,'440703','3',0),('440704','440700','江海区',3,'440704','3',0),('440705','440700','新会区',4,'440705','3',0),('440781','440700','台山市',5,'440781','3',0),('440783','440700','开平市',6,'440783','3',0),('440784','440700','鹤山市',7,'440784','3',0),('440785','440700','恩平市',8,'440785','3',0),('440800','440000','湛江市',8,'440800','2',0),('440802','440800','赤坎区',2,'440802','3',0),('440803','440800','霞山区',3,'440803','3',0),('440804','440800','坡头区',4,'440804','3',0),('440811','440800','麻章区',5,'440811','3',0),('440823','440800','遂溪县',6,'440823','3',0),('440825','440800','徐闻县',7,'440825','3',0),('440881','440800','廉江市',8,'440881','3',0),('440882','440800','雷州市',9,'440882','3',0),('440883','440800','吴川市',10,'440883','3',0),('440900','440000','茂名市',9,'440900','2',0),('440902','440900','茂南区',2,'440902','3',0),('440903','440900','茂港区',3,'440903','3',0),('440923','440900','电白县',4,'440923','3',0),('440981','440900','高州市',5,'440981','3',0),('440982','440900','化州市',6,'440982','3',0),('440983','440900','信宜市',7,'440983','3',0),('441200','440000','肇庆市',10,'441200','2',0),('441202','441200','端州区',2,'441202','3',0),('441203','441200','鼎湖区',3,'441203','3',0),('441223','441200','广宁县',4,'441223','3',0),('441224','441200','怀集县',5,'441224','3',0),('441225','441200','封开县',6,'441225','3',0),('441226','441200','德庆县',7,'441226','3',0),('441283','441200','高要市',8,'441283','3',0),('441284','441200','四会市',9,'441284','3',0),('441300','440000','惠州市',11,'441300','2',0),('441302','441300','惠城区',2,'441302','3',0),('441303','441300','惠阳区',3,'441303','3',0),('441322','441300','博罗县',4,'441322','3',0),('441323','441300','惠东县',5,'441323','3',0),('441324','441300','龙门县',6,'441324','3',0),('441400','440000','梅州市',12,'441400','2',0),('441402','441400','梅江区',2,'441402','3',0),('441421','441400','梅　县',3,'441421','3',0),('441422','441400','大埔县',4,'441422','3',0),('441423','441400','丰顺县',5,'441423','3',0),('441424','441400','五华县',6,'441424','3',0),('441426','441400','平远县',7,'441426','3',0),('441427','441400','蕉岭县',8,'441427','3',0),('441481','441400','兴宁市',9,'441481','3',0),('441500','440000','汕尾市',13,'441500','2',0),('441502','441500','城　区',2,'441502','3',0),('441521','441500','海丰县',3,'441521','3',0),('441523','441500','陆河县',4,'441523','3',0),('441581','441500','陆丰市',5,'441581','3',0),('441600','440000','河源市',14,'441600','2',0),('441602','441600','源城区',2,'441602','3',0),('441621','441600','紫金县',3,'441621','3',0),('441622','441600','龙川县',4,'441622','3',0),('441623','441600','连平县',5,'441623','3',0),('441624','441600','和平县',6,'441624','3',0),('441625','441600','东源县',7,'441625','3',0),('441700','440000','阳江市',15,'441700','2',0),('441702','441700','江城区',2,'441702','3',0),('441721','441700','阳西县',3,'441721','3',0),('441723','441700','阳东县',4,'441723','3',0),('441781','441700','阳春市',5,'441781','3',0),('441800','440000','清远市',16,'441800','2',0),('441802','441800','清城区',2,'441802','3',0),('441821','441800','佛冈县',3,'441821','3',0),('441823','441800','阳山县',4,'441823','3',0),('441825','441800','连山壮族瑶族自治县',5,'441825','3',0),('441826','441800','连南瑶族自治县',6,'441826','3',0),('441827','441800','清新县',7,'441827','3',0),('441881','441800','英德市',8,'441881','3',0),('441882','441800','连州市',9,'441882','3',0),('441900','440000','东莞市',17,'441900','2',0),('441901','441900','东莞市',1,'441901','3',0),('442000','440000','中山市',18,'442000','2',0),('445100','440000','潮州市',19,'445100','2',0),('445102','445100','湘桥区',2,'445102','3',0),('445121','445100','潮安县',3,'445121','3',0),('445122','445100','饶平县',4,'445122','3',0),('445200','440000','揭阳市',20,'445200','2',0),('445202','445200','榕城区',2,'445202','3',0),('445221','445200','揭东县',3,'445221','3',0),('445222','445200','揭西县',4,'445222','3',0),('445224','445200','惠来县',5,'445224','3',0),('445281','445200','普宁市',6,'445281','3',0),('445300','440000','云浮市',21,'445300','2',0),('445302','445300','云城区',2,'445302','3',0),('445321','445300','新兴县',3,'445321','3',0),('445322','445300','郁南县',4,'445322','3',0),('445323','445300','云安县',5,'445323','3',0),('445381','445300','罗定市',6,'445381','3',0),('450000','0','广西壮族自治区',20,'450000','1',0),('450100','450000','南宁市',1,'450100','2',0),('450102','450100','兴宁区',2,'450102','3',0),('450103','450100','青秀区',3,'450103','3',0),('450105','450100','江南区',4,'450105','3',0),('450107','450100','西乡塘区',5,'450107','3',0),('450108','450100','良庆区',6,'450108','3',0),('450109','450100','邕宁区',7,'450109','3',0),('450122','450100','武鸣县',8,'450122','3',0),('450123','450100','隆安县',9,'450123','3',0),('450124','450100','马山县',10,'450124','3',0),('450125','450100','上林县',11,'450125','3',0),('450126','450100','宾阳县',12,'450126','3',0),('450127','450100','横　县',13,'450127','3',0),('450200','450000','柳州市',2,'450200','2',0),('450202','450200','城中区',2,'450202','3',0),('450203','450200','鱼峰区',3,'450203','3',0),('450204','450200','柳南区',4,'450204','3',0),('450205','450200','柳北区',5,'450205','3',0),('450221','450200','柳江县',6,'450221','3',0),('450222','450200','柳城县',7,'450222','3',0),('450223','450200','鹿寨县',8,'450223','3',0),('450224','450200','融安县',9,'450224','3',0),('450225','450200','融水苗族自治县',10,'450225','3',0),('450226','450200','三江侗族自治县',11,'450226','3',0),('450300','450000','桂林市',3,'450300','2',0),('450302','450300','秀峰区',2,'450302','3',0),('450303','450300','叠彩区',3,'450303','3',0),('450304','450300','象山区',4,'450304','3',0),('450305','450300','七星区',5,'450305','3',0),('450311','450300','雁山区',6,'450311','3',0),('450321','450300','阳朔县',7,'450321','3',0),('450322','450300','临桂县',8,'450322','3',0),('450323','450300','灵川县',9,'450323','3',0),('450324','450300','全州县',10,'450324','3',0),('450325','450300','兴安县',11,'450325','3',0),('450326','450300','永福县',12,'450326','3',0),('450327','450300','灌阳县',13,'450327','3',0),('450328','450300','龙胜各族自治县',14,'450328','3',0),('450329','450300','资源县',15,'450329','3',0),('450330','450300','平乐县',16,'450330','3',0),('450331','450300','荔蒲县',17,'450331','3',0),('450332','450300','恭城瑶族自治县',18,'450332','3',0),('450400','450000','梧州市',4,'450400','2',0),('450403','450400','万秀区',2,'450403','3',0),('450404','450400','蝶山区',3,'450404','3',0),('450405','450400','长洲区',4,'450405','3',0),('450421','450400','苍梧县',5,'450421','3',0),('450422','450400','藤　县',6,'450422','3',0),('450423','450400','蒙山县',7,'450423','3',0),('450481','450400','岑溪市',8,'450481','3',0),('450500','450000','北海市',5,'450500','2',0),('450502','450500','海城区',2,'450502','3',0),('450503','450500','银海区',3,'450503','3',0),('450512','450500','铁山港区',4,'450512','3',0),('450521','450500','合浦县',5,'450521','3',0),('450600','450000','防城港市',6,'450600','2',0),('450602','450600','港口区',2,'450602','3',0),('450603','450600','防城区',3,'450603','3',0),('450621','450600','上思县',4,'450621','3',0),('450681','450600','东兴市',5,'450681','3',0),('450700','450000','钦州市',7,'450700','2',0),('450702','450700','钦南区',2,'450702','3',0),('450703','450700','钦北区',3,'450703','3',0),('450721','450700','灵山县',4,'450721','3',0),('450722','450700','浦北县',5,'450722','3',0),('450800','450000','贵港市',8,'450800','2',0),('450802','450800','港北区',2,'450802','3',0),('450803','450800','港南区',3,'450803','3',0),('450804','450800','覃塘区',4,'450804','3',0),('450821','450800','平南县',5,'450821','3',0),('450881','450800','桂平市',6,'450881','3',0),('450900','450000','玉林市',9,'450900','2',0),('450902','450900','玉州区',2,'450902','3',0),('450921','450900','容　县',3,'450921','3',0),('450922','450900','陆川县',4,'450922','3',0),('450923','450900','博白县',5,'450923','3',0),('450924','450900','兴业县',6,'450924','3',0),('450981','450900','北流市',7,'450981','3',0),('451000','450000','百色市',10,'451000','2',0),('451002','451000','右江区',2,'451002','3',0),('451021','451000','田阳县',3,'451021','3',0),('451022','451000','田东县',4,'451022','3',0),('451023','451000','平果县',5,'451023','3',0),('451024','451000','德保县',6,'451024','3',0),('451025','451000','靖西县',7,'451025','3',0),('451026','451000','那坡县',8,'451026','3',0),('451027','451000','凌云县',9,'451027','3',0),('451028','451000','乐业县',10,'451028','3',0),('451029','451000','田林县',11,'451029','3',0),('451030','451000','西林县',12,'451030','3',0),('451031','451000','隆林各族自治县',13,'451031','3',0),('451100','450000','贺州市',11,'451100','2',0),('451102','451100','八步区',2,'451102','3',0),('451121','451100','昭平县',3,'451121','3',0),('451122','451100','钟山县',4,'451122','3',0),('451123','451100','富川瑶族自治县',5,'451123','3',0),('451200','450000','河池市',12,'451200','2',0),('451202','451200','金城江区',2,'451202','3',0),('451221','451200','南丹县',3,'451221','3',0),('451222','451200','天峨县',4,'451222','3',0),('451223','451200','凤山县',5,'451223','3',0),('451224','451200','东兰县',6,'451224','3',0),('451225','451200','罗城仫佬族自治县',7,'451225','3',0),('451226','451200','环江毛南族自治县',8,'451226','3',0),('451227','451200','巴马瑶族自治县',9,'451227','3',0),('451228','451200','都安瑶族自治县',10,'451228','3',0),('451229','451200','大化瑶族自治县',11,'451229','3',0),('451281','451200','宜州市',12,'451281','3',0),('451300','450000','来宾市',13,'451300','2',0),('451302','451300','兴宾区',2,'451302','3',0),('451321','451300','忻城县',3,'451321','3',0),('451322','451300','象州县',4,'451322','3',0),('451323','451300','武宣县',5,'451323','3',0),('451324','451300','金秀瑶族自治县',6,'451324','3',0),('451381','451300','合山市',7,'451381','3',0),('451400','450000','崇左市',14,'451400','2',0),('451402','451400','江洲区',2,'451402','3',0),('451421','451400','扶绥县',3,'451421','3',0),('451422','451400','宁明县',4,'451422','3',0),('451423','451400','龙州县',5,'451423','3',0),('451424','451400','大新县',6,'451424','3',0),('451425','451400','天等县',7,'451425','3',0),('451481','451400','凭祥市',8,'451481','3',0),('460000','0','海南省',21,'460000','1',0),('460100','460000','海口市',1,'460100','2',0),('460105','460100','秀英区',2,'460105','3',0),('460106','460100','龙华区',3,'460106','3',0),('460107','460100','琼山区',4,'460107','3',0),('460108','460100','美兰区',5,'460108','3',0),('460200','460000','三亚市',2,'460200','2',0),('469000','460000','省直辖县级行政单位',3,'469000','2',0),('469001','469000','五指山市',1,'469001','3',0),('469002','469000','琼海市',2,'469002','3',0),('469003','469000','儋州市',3,'469003','3',0),('469005','469000','文昌市',4,'469005','3',0),('469006','469000','万宁市',5,'469006','3',0),('469007','469000','东方市',6,'469007','3',0),('469025','469000','定安县',7,'469025','3',0),('469026','469000','屯昌县',8,'469026','3',0),('469027','469000','澄迈县',9,'469027','3',0),('469028','469000','临高县',10,'469028','3',0),('469030','469000','白沙黎族自治县',11,'469030','3',0),('469031','469000','昌江黎族自治县',12,'469031','3',0),('469033','469000','乐东黎族自治县',13,'469033','3',0),('469034','469000','陵水黎族自治县',14,'469034','3',0),('469035','469000','保亭黎族苗族自治县',15,'469035','3',0),('469036','469000','琼中黎族苗族自治县',16,'469036','3',0),('469037','469000','西沙群岛',17,'469037','3',0),('469038','469000','南沙群岛',18,'469038','3',0),('469039','469000','中沙群岛的岛礁及其海域',19,'469039','3',0),('500000','0','重庆市',22,'500000','1',0),('500100','500000','市辖区',1,'500100','2',0),('500101','500100','万州区',1,'500101','3',0),('500102','500100','涪陵区',2,'500102','3',0),('500103','500100','渝中区',3,'500103','3',0),('500104','500100','大渡口区',4,'500104','3',0),('500105','500100','江北区',5,'500105','3',0),('500106','500100','沙坪坝区',6,'500106','3',0),('500107','500100','九龙坡区',7,'500107','3',0),('500108','500100','南岸区',8,'500108','3',0),('500109','500100','北碚区',9,'500109','3',0),('500110','500100','万盛区',10,'500110','3',0),('500111','500100','双桥区',11,'500111','3',0),('500112','500100','渝北区',12,'500112','3',0),('500113','500100','巴南区',13,'500113','3',0),('500114','500100','黔江区',14,'500114','3',0),('500115','500100','长寿区',15,'500115','3',0),('500200','500000','市辖县',2,'500200','2',0),('500222','500200','綦江县',1,'500222','3',0),('500223','500200','潼南县',2,'500223','3',0),('500224','500200','铜梁县',3,'500224','3',0),('500225','500200','大足县',4,'500225','3',0),('500226','500200','荣昌县',5,'500226','3',0),('500227','500200','璧山县',6,'500227','3',0),('500228','500200','梁平县',7,'500228','3',0),('500229','500200','城口县',8,'500229','3',0),('500230','500200','丰都县',9,'500230','3',0),('500231','500200','垫江县',10,'500231','3',0),('500232','500200','武隆县',11,'500232','3',0),('500233','500200','忠　县',12,'500233','3',0),('500234','500200','开　县',13,'500234','3',0),('500235','500200','云阳县',14,'500235','3',0),('500236','500200','奉节县',15,'500236','3',0),('500237','500200','巫山县',16,'500237','3',0),('500238','500200','巫溪县',17,'500238','3',0),('500240','500200','石柱土家族自治县',18,'500240','3',0),('500241','500200','秀山土家族苗族自治县',19,'500241','3',0),('500242','500200','酉阳土家族苗族自治县',20,'500242','3',0),('500243','500200','彭水苗族土家族自治县',21,'500243','3',0),('500300','500000','市辖市',3,'500300','2',0),('500381','500300','江津市',1,'500381','3',0),('500382','500300','合川市',2,'500382','3',0),('500383','500300','永川市',3,'500383','3',0),('500384','500300','南川市',4,'500384','3',0),('510000','0','四川省',23,'510000','1',0),('510100','510000','成都市',1,'510100','2',0),('510104','510100','锦江区',2,'510104','3',0),('510105','510100','青羊区',3,'510105','3',0),('510106','510100','金牛区',4,'510106','3',0),('510107','510100','武侯区',5,'510107','3',0),('510108','510100','成华区',6,'510108','3',0),('510112','510100','龙泉驿区',7,'510112','3',0),('510113','510100','青白江区',8,'510113','3',0),('510114','510100','新都区',9,'510114','3',0),('510115','510100','温江区',10,'510115','3',0),('510121','510100','金堂县',11,'510121','3',0),('510122','510100','双流县',12,'510122','3',0),('510124','510100','郫县',13,'510124','3',0),('510129','510100','大邑县',14,'510129','3',0),('510131','510100','蒲江县',15,'510131','3',0),('510132','510100','新津县',16,'510132','3',0),('510181','510100','都江堰市',17,'510181','3',0),('510182','510100','彭州市',18,'510182','3',0),('510183','510100','邛崃市',19,'510183','3',0),('510184','510100','崇州市',20,'510184','3',0),('510300','510000','自贡市',2,'510300','2',0),('510302','510300','自流井区',2,'510302','3',0),('510303','510300','贡井区',3,'510303','3',0),('510304','510300','大安区',4,'510304','3',0),('510311','510300','沿滩区',5,'510311','3',0),('510321','510300','荣　县',6,'510321','3',0),('510322','510300','富顺县',7,'510322','3',0),('510400','510000','攀枝花市',3,'510400','2',0),('510402','510400','东　区',2,'510402','3',0),('510403','510400','西　区',3,'510403','3',0),('510411','510400','仁和区',4,'510411','3',0),('510421','510400','米易县',5,'510421','3',0),('510422','510400','盐边县',6,'510422','3',0),('510500','510000','泸州市',4,'510500','2',0),('510502','510500','江阳区',2,'510502','3',0),('510503','510500','纳溪区',3,'510503','3',0),('510504','510500','龙马潭区',4,'510504','3',0),('510521','510500','泸　县',5,'510521','3',0),('510522','510500','合江县',6,'510522','3',0),('510524','510500','叙永县',7,'510524','3',0),('510525','510500','古蔺县',8,'510525','3',0),('510600','510000','德阳市',5,'510600','2',0),('510603','510600','旌阳区',2,'510603','3',0),('510623','510600','中江县',3,'510623','3',0),('510626','510600','罗江县',4,'510626','3',0),('510681','510600','广汉市',5,'510681','3',0),('510682','510600','什邡市',6,'510682','3',0),('510683','510600','绵竹市',7,'510683','3',0),('510700','510000','绵阳市',6,'510700','2',0),('510703','510700','涪城区',2,'510703','3',0),('510704','510700','游仙区',3,'510704','3',0),('510722','510700','三台县',4,'510722','3',0),('510723','510700','盐亭县',5,'510723','3',0),('510724','510700','安　县',6,'510724','3',0),('510725','510700','梓潼县',7,'510725','3',0),('510726','510700','北川羌族自治县',8,'510726','3',0),('510727','510700','平武县',9,'510727','3',0),('510781','510700','江油市',10,'510781','3',0),('510800','510000','广元市',7,'510800','2',0),('510802','510800','市中区',2,'510802','3',0),('510811','510800','元坝区',3,'510811','3',0),('510812','510800','朝天区',4,'510812','3',0),('510821','510800','旺苍县',5,'510821','3',0),('510822','510800','青川县',6,'510822','3',0),('510823','510800','剑阁县',7,'510823','3',0),('510824','510800','苍溪县',8,'510824','3',0),('510900','510000','遂宁市',8,'510900','2',0),('510903','510900','船山区',2,'510903','3',0),('510904','510900','安居区',3,'510904','3',0),('510921','510900','蓬溪县',4,'510921','3',0),('510922','510900','射洪县',5,'510922','3',0),('510923','510900','大英县',6,'510923','3',0),('511000','510000','内江市',9,'511000','2',0),('511002','511000','市中区',2,'511002','3',0),('511011','511000','东兴区',3,'511011','3',0),('511024','511000','威远县',4,'511024','3',0),('511025','511000','资中县',5,'511025','3',0),('511028','511000','隆昌县',6,'511028','3',0),('511100','510000','乐山市',10,'511100','2',0),('511102','511100','市中区',2,'511102','3',0),('511111','511100','沙湾区',3,'511111','3',0),('511112','511100','五通桥区',4,'511112','3',0),('511113','511100','金口河区',5,'511113','3',0),('511123','511100','犍为县',6,'511123','3',0),('511124','511100','井研县',7,'511124','3',0),('511126','511100','夹江县',8,'511126','3',0),('511129','511100','沐川县',9,'511129','3',0),('511132','511100','峨边彝族自治县',10,'511132','3',0),('511133','511100','马边彝族自治县',11,'511133','3',0),('511181','511100','峨眉山市',12,'511181','3',0),('511300','510000','南充市',11,'511300','2',0),('511302','511300','顺庆区',2,'511302','3',0),('511303','511300','高坪区',3,'511303','3',0),('511304','511300','嘉陵区',4,'511304','3',0),('511321','511300','南部县',5,'511321','3',0),('511322','511300','营山县',6,'511322','3',0),('511323','511300','蓬安县',7,'511323','3',0),('511324','511300','仪陇县',8,'511324','3',0),('511325','511300','西充县',9,'511325','3',0),('511381','511300','阆中市',10,'511381','3',0),('511400','510000','眉山市',12,'511400','2',0),('511402','511400','东坡区',2,'511402','3',0),('511421','511400','仁寿县',3,'511421','3',0),('511422','511400','彭山县',4,'511422','3',0),('511423','511400','洪雅县',5,'511423','3',0),('511424','511400','丹棱县',6,'511424','3',0),('511425','511400','青神县',7,'511425','3',0),('511500','510000','宜宾市',13,'511500','2',0),('511502','511500','翠屏区',2,'511502','3',0),('511521','511500','宜宾县',3,'511521','3',0),('511522','511500','南溪县',4,'511522','3',0),('511523','511500','江安县',5,'511523','3',0),('511524','511500','长宁县',6,'511524','3',0),('511525','511500','高　县',7,'511525','3',0),('511526','511500','珙　县',8,'511526','3',0),('511527','511500','筠连县',9,'511527','3',0),('511528','511500','兴文县',10,'511528','3',0),('511529','511500','屏山县',11,'511529','3',0),('511600','510000','广安市',14,'511600','2',0),('511602','511600','广安区',2,'511602','3',0),('511621','511600','岳池县',3,'511621','3',0),('511622','511600','武胜县',4,'511622','3',0),('511623','511600','邻水县',5,'511623','3',0),('511681','511600','华莹市',6,'511681','3',0),('511700','510000','达州市',15,'511700','2',0),('511702','511700','通川区',2,'511702','3',0),('511721','511700','达　县',3,'511721','3',0),('511722','511700','宣汉县',4,'511722','3',0),('511723','511700','开江县',5,'511723','3',0),('511724','511700','大竹县',6,'511724','3',0),('511725','511700','渠　县',7,'511725','3',0),('511781','511700','万源市',8,'511781','3',0),('511800','510000','雅安市',16,'511800','2',0),('511802','511800','雨城区',2,'511802','3',0),('511821','511800','名山县',3,'511821','3',0),('511822','511800','荥经县',4,'511822','3',0),('511823','511800','汉源县',5,'511823','3',0),('511824','511800','石棉县',6,'511824','3',0),('511825','511800','天全县',7,'511825','3',0),('511826','511800','芦山县',8,'511826','3',0),('511827','511800','宝兴县',9,'511827','3',0),('511900','510000','巴中市',17,'511900','2',0),('511902','511900','巴州区',2,'511902','3',0),('511921','511900','通江县',3,'511921','3',0),('511922','511900','南江县',4,'511922','3',0),('511923','511900','平昌县',5,'511923','3',0),('512000','510000','资阳市',18,'512000','2',0),('512002','512000','雁江区',2,'512002','3',0),('512021','512000','安岳县',3,'512021','3',0),('512022','512000','乐至县',4,'512022','3',0),('512081','512000','简阳市',5,'512081','3',0),('513200','510000','阿坝藏族羌族自治州',19,'513200','2',0),('513221','513200','汶川县',1,'513221','3',0),('513222','513200','理　县',2,'513222','3',0),('513223','513200','茂　县',3,'513223','3',0),('513224','513200','松潘县',4,'513224','3',0),('513225','513200','九寨沟县',5,'513225','3',0),('513226','513200','金川县',6,'513226','3',0),('513227','513200','小金县',7,'513227','3',0),('513228','513200','黑水县',8,'513228','3',0),('513229','513200','马尔康县',9,'513229','3',0),('513230','513200','壤塘县',10,'513230','3',0),('513231','513200','阿坝县',11,'513231','3',0),('513232','513200','若尔盖县',12,'513232','3',0),('513233','513200','红原县',13,'513233','3',0),('513300','510000','甘孜藏族自治州',20,'513300','2',0),('513321','513300','康定县',1,'513321','3',0),('513322','513300','泸定县',2,'513322','3',0),('513323','513300','丹巴县',3,'513323','3',0),('513324','513300','九龙县',4,'513324','3',0),('513325','513300','雅江县',5,'513325','3',0),('513326','513300','道孚县',6,'513326','3',0),('513327','513300','炉霍县',7,'513327','3',0),('513328','513300','甘孜县',8,'513328','3',0),('513329','513300','新龙县',9,'513329','3',0),('513330','513300','德格县',10,'513330','3',0),('513331','513300','白玉县',11,'513331','3',0),('513332','513300','石渠县',12,'513332','3',0),('513333','513300','色达县',13,'513333','3',0),('513334','513300','理塘县',14,'513334','3',0),('513335','513300','巴塘县',15,'513335','3',0),('513336','513300','乡城县',16,'513336','3',0),('513337','513300','稻城县',17,'513337','3',0),('513338','513300','得荣县',18,'513338','3',0),('513400','510000','凉山彝族自治州',21,'513400','2',0),('513401','513400','西昌市',1,'513401','3',0),('513422','513400','木里藏族自治县',2,'513422','3',0),('513423','513400','盐源县',3,'513423','3',0),('513424','513400','德昌县',4,'513424','3',0),('513425','513400','会理县',5,'513425','3',0),('513426','513400','会东县',6,'513426','3',0),('513427','513400','宁南县',7,'513427','3',0),('513428','513400','普格县',8,'513428','3',0),('513429','513400','布拖县',9,'513429','3',0),('513430','513400','金阳县',10,'513430','3',0),('513431','513400','昭觉县',11,'513431','3',0),('513432','513400','喜德县',12,'513432','3',0),('513433','513400','冕宁县',13,'513433','3',0),('513434','513400','越西县',14,'513434','3',0),('513435','513400','甘洛县',15,'513435','3',0),('513436','513400','美姑县',16,'513436','3',0),('513437','513400','雷波县',17,'513437','3',0),('520000','0','贵州省',24,'520000','1',0),('520100','520000','贵阳市',1,'520100','2',0),('520102','520100','南明区',2,'520102','3',0),('520103','520100','云岩区',3,'520103','3',0),('520111','520100','花溪区',4,'520111','3',0),('520112','520100','乌当区',5,'520112','3',0),('520113','520100','白云区',6,'520113','3',0),('520114','520100','小河区',7,'520114','3',0),('520121','520100','开阳县',8,'520121','3',0),('520122','520100','息烽县',9,'520122','3',0),('520123','520100','修文县',10,'520123','3',0),('520181','520100','清镇市',11,'520181','3',0),('520200','520000','六盘水市',2,'520200','2',0),('520201','520200','钟山区',1,'520201','3',0),('520203','520200','六枝特区',2,'520203','3',0),('520221','520200','水城县',3,'520221','3',0),('520222','520200','盘　县',4,'520222','3',0),('520300','520000','遵义市',3,'520300','2',0),('520302','520300','红花岗区',2,'520302','3',0),('520303','520300','汇川区',3,'520303','3',0),('520321','520300','遵义县',4,'520321','3',0),('520322','520300','桐梓县',5,'520322','3',0),('520323','520300','绥阳县',6,'520323','3',0),('520324','520300','正安县',7,'520324','3',0),('520325','520300','道真仡佬族苗族自治县',8,'520325','3',0),('520326','520300','务川仡佬族苗族自治县',9,'520326','3',0),('520327','520300','凤冈县',10,'520327','3',0),('520328','520300','湄潭县',11,'520328','3',0),('520329','520300','余庆县',12,'520329','3',0),('520330','520300','习水县',13,'520330','3',0),('520381','520300','赤水市',14,'520381','3',0),('520382','520300','仁怀市',15,'520382','3',0),('520400','520000','安顺市',4,'520400','2',0),('520402','520400','西秀区',2,'520402','3',0),('520421','520400','平坝县',3,'520421','3',0),('520422','520400','普定县',4,'520422','3',0),('520423','520400','镇宁布依族苗族自治县',5,'520423','3',0),('520424','520400','关岭布依族苗族自治县',6,'520424','3',0),('520425','520400','紫云苗族布依族自治县',7,'520425','3',0),('522200','520000','铜仁地区',5,'522200','2',0),('522201','522200','铜仁市',1,'522201','3',0),('522222','522200','江口县',2,'522222','3',0),('522223','522200','玉屏侗族自治县',3,'522223','3',0),('522224','522200','石阡县',4,'522224','3',0),('522225','522200','思南县',5,'522225','3',0),('522226','522200','印江土家族苗族自治县',6,'522226','3',0),('522227','522200','德江县',7,'522227','3',0),('522228','522200','沿河土家族自治县',8,'522228','3',0),('522229','522200','松桃苗族自治县',9,'522229','3',0),('522230','522200','万山特区',10,'522230','3',0),('522300','520000','黔西南布依族苗族自治州',6,'522300','2',0),('522301','522300','兴义市',1,'522301','3',0),('522322','522300','兴仁县',2,'522322','3',0),('522323','522300','普安县',3,'522323','3',0),('522324','522300','晴隆县',4,'522324','3',0),('522325','522300','贞丰县',5,'522325','3',0),('522326','522300','望谟县',6,'522326','3',0),('522327','522300','册亨县',7,'522327','3',0),('522328','522300','安龙县',8,'522328','3',0),('522400','520000','毕节地区',7,'522400','2',0),('522401','522400','毕节市',1,'522401','3',0),('522422','522400','大方县',2,'522422','3',0),('522423','522400','黔西县',3,'522423','3',0),('522424','522400','金沙县',4,'522424','3',0),('522425','522400','织金县',5,'522425','3',0),('522426','522400','纳雍县',6,'522426','3',0),('522427','522400','威宁彝族回族苗族自治县',7,'522427','3',0),('522428','522400','赫章县',8,'522428','3',0),('522600','520000','黔东南苗族侗族自治州',8,'522600','2',0),('522601','522600','凯里市',1,'522601','3',0),('522622','522600','黄平县',2,'522622','3',0),('522623','522600','施秉县',3,'522623','3',0),('522624','522600','三穗县',4,'522624','3',0),('522625','522600','镇远县',5,'522625','3',0),('522626','522600','岑巩县',6,'522626','3',0),('522627','522600','天柱县',7,'522627','3',0),('522628','522600','锦屏县',8,'522628','3',0),('522629','522600','剑河县',9,'522629','3',0),('522630','522600','台江县',10,'522630','3',0),('522631','522600','黎平县',11,'522631','3',0),('522632','522600','榕江县',12,'522632','3',0),('522633','522600','从江县',13,'522633','3',0),('522634','522600','雷山县',14,'522634','3',0),('522635','522600','麻江县',15,'522635','3',0),('522636','522600','丹寨县',16,'522636','3',0),('522700','520000','黔南布依族苗族自治州',9,'522700','2',0),('522701','522700','都匀市',1,'522701','3',0),('522702','522700','福泉市',2,'522702','3',0),('522722','522700','荔波县',3,'522722','3',0),('522723','522700','贵定县',4,'522723','3',0),('522725','522700','瓮安县',5,'522725','3',0),('522726','522700','独山县',6,'522726','3',0),('522727','522700','平塘县',7,'522727','3',0),('522728','522700','罗甸县',8,'522728','3',0),('522729','522700','长顺县',9,'522729','3',0),('522730','522700','龙里县',10,'522730','3',0),('522731','522700','惠水县',11,'522731','3',0),('522732','522700','三都水族自治县',12,'522732','3',0),('530000','0','云南省',25,'530000','1',0),('530100','530000','昆明市',1,'530100','2',0),('530102','530100','五华区',2,'530102','3',0),('530103','530100','盘龙区',3,'530103','3',0),('530111','530100','官渡区',4,'530111','3',0),('530112','530100','西山区',5,'530112','3',0),('530113','530100','东川区',6,'530113','3',0),('530121','530100','呈贡县',7,'530121','3',0),('530122','530100','晋宁县',8,'530122','3',0),('530124','530100','富民县',9,'530124','3',0),('530125','530100','宜良县',10,'530125','3',0),('530126','530100','石林彝族自治县',11,'530126','3',0),('530127','530100','嵩明县',12,'530127','3',0),('530128','530100','禄劝彝族苗族自治县',13,'530128','3',0),('530129','530100','寻甸回族彝族自治县',14,'530129','3',0),('530181','530100','安宁市',15,'530181','3',0),('530300','530000','曲靖市',2,'530300','2',0),('530302','530300','麒麟区',2,'530302','3',0),('530321','530300','马龙县',3,'530321','3',0),('530322','530300','陆良县',4,'530322','3',0),('530323','530300','师宗县',5,'530323','3',0),('530324','530300','罗平县',6,'530324','3',0),('530325','530300','富源县',7,'530325','3',0),('530326','530300','会泽县',8,'530326','3',0),('530328','530300','沾益县',9,'530328','3',0),('530381','530300','宣威市',10,'530381','3',0),('530400','530000','玉溪市',3,'530400','2',0),('530402','530400','红塔区',2,'530402','3',0),('530421','530400','江川县',3,'530421','3',0),('530422','530400','澄江县',4,'530422','3',0),('530423','530400','通海县',5,'530423','3',0),('530424','530400','华宁县',6,'530424','3',0),('530425','530400','易门县',7,'530425','3',0),('530426','530400','峨山彝族自治县',8,'530426','3',0),('530427','530400','新平彝族傣族自治县',9,'530427','3',0),('530428','530400','元江哈尼族彝族傣族自治县',10,'530428','3',0),('530500','530000','保山市',4,'530500','2',0),('530502','530500','隆阳区',2,'530502','3',0),('530521','530500','施甸县',3,'530521','3',0),('530522','530500','腾冲县',4,'530522','3',0),('530523','530500','龙陵县',5,'530523','3',0),('530524','530500','昌宁县',6,'530524','3',0),('530600','530000','昭通市',5,'530600','2',0),('530602','530600','昭阳区',2,'530602','3',0),('530621','530600','鲁甸县',3,'530621','3',0),('530622','530600','巧家县',4,'530622','3',0),('530623','530600','盐津县',5,'530623','3',0),('530624','530600','大关县',6,'530624','3',0),('530625','530600','永善县',7,'530625','3',0),('530626','530600','绥江县',8,'530626','3',0),('530627','530600','镇雄县',9,'530627','3',0),('530628','530600','彝良县',10,'530628','3',0),('530629','530600','威信县',11,'530629','3',0),('530630','530600','水富县',12,'530630','3',0),('530700','530000','丽江市',6,'530700','2',0),('530702','530700','古城区',2,'530702','3',0),('530721','530700','玉龙纳西族自治县',3,'530721','3',0),('530722','530700','永胜县',4,'530722','3',0),('530723','530700','华坪县',5,'530723','3',0),('530724','530700','宁蒗彝族自治县',6,'530724','3',0),('530800','530000','思茅市',7,'530800','2',0),('530802','530800','翠云区',2,'530802','3',0),('530821','530800','普洱哈尼族彝族自治县',3,'530821','3',0),('530822','530800','墨江哈尼族自治县',4,'530822','3',0),('530823','530800','景东彝族自治县',5,'530823','3',0),('530824','530800','景谷傣族彝族自治县',6,'530824','3',0),('530825','530800','镇沅彝族哈尼族拉祜族自治县',7,'530825','3',0),('530826','530800','江城哈尼族彝族自治县',8,'530826','3',0),('530827','530800','孟连傣族拉祜族佤族自治县',9,'530827','3',0),('530828','530800','澜沧拉祜族自治县',10,'530828','3',0),('530829','530800','西盟佤族自治县',11,'530829','3',0),('530900','530000','临沧市',8,'530900','2',0),('530902','530900','临翔区',2,'530902','3',0),('530921','530900','凤庆县',3,'530921','3',0),('530922','530900','云　县',4,'530922','3',0),('530923','530900','永德县',5,'530923','3',0),('530924','530900','镇康县',6,'530924','3',0),('530925','530900','双江拉祜族佤族布朗族傣族自治县',7,'530925','3',0),('530926','530900','耿马傣族佤族自治县',8,'530926','3',0),('530927','530900','沧源佤族自治县',9,'530927','3',0),('532300','530000','楚雄彝族自治州',9,'532300','2',0),('532301','532300','楚雄市',1,'532301','3',0),('532322','532300','双柏县',2,'532322','3',0),('532323','532300','牟定县',3,'532323','3',0),('532324','532300','南华县',4,'532324','3',0),('532325','532300','姚安县',5,'532325','3',0),('532326','532300','大姚县',6,'532326','3',0),('532327','532300','永仁县',7,'532327','3',0),('532328','532300','元谋县',8,'532328','3',0),('532329','532300','武定县',9,'532329','3',0),('532331','532300','禄丰县',10,'532331','3',0),('532500','530000','红河哈尼族彝族自治州',10,'532500','2',0),('532501','532500','个旧市',1,'532501','3',0),('532502','532500','开远市',2,'532502','3',0),('532522','532500','蒙自县',3,'532522','3',0),('532523','532500','屏边苗族自治县',4,'532523','3',0),('532524','532500','建水县',5,'532524','3',0),('532525','532500','石屏县',6,'532525','3',0),('532526','532500','弥勒县',7,'532526','3',0),('532527','532500','泸西县',8,'532527','3',0),('532528','532500','元阳县',9,'532528','3',0),('532529','532500','红河县',10,'532529','3',0),('532530','532500','金平苗族瑶族傣族自治县',11,'532530','3',0),('532531','532500','绿春县',12,'532531','3',0),('532532','532500','河口瑶族自治县',13,'532532','3',0),('532600','530000','文山壮族苗族自治州',11,'532600','2',0),('532621','532600','文山县',1,'532621','3',0),('532622','532600','砚山县',2,'532622','3',0),('532623','532600','西畴县',3,'532623','3',0),('532624','532600','麻栗坡县',4,'532624','3',0),('532625','532600','马关县',5,'532625','3',0),('532626','532600','丘北县',6,'532626','3',0),('532627','532600','广南县',7,'532627','3',0),('532628','532600','富宁县',8,'532628','3',0),('532800','530000','西双版纳傣族自治州',12,'532800','2',0),('532801','532800','景洪市',1,'532801','3',0),('532822','532800','勐海县',2,'532822','3',0),('532823','532800','勐腊县',3,'532823','3',0),('532900','530000','大理白族自治州',13,'532900','2',0),('532901','532900','大理市',1,'532901','3',0),('532922','532900','漾濞彝族自治县',2,'532922','3',0),('532923','532900','祥云县',3,'532923','3',0),('532924','532900','宾川县',4,'532924','3',0),('532925','532900','弥渡县',5,'532925','3',0),('532926','532900','南涧彝族自治县',6,'532926','3',0),('532927','532900','巍山彝族回族自治县',7,'532927','3',0),('532928','532900','永平县',8,'532928','3',0),('532929','532900','云龙县',9,'532929','3',0),('532930','532900','洱源县',10,'532930','3',0),('532931','532900','剑川县',11,'532931','3',0),('532932','532900','鹤庆县',12,'532932','3',0),('533100','530000','德宏傣族景颇族自治州',14,'533100','2',0),('533102','533100','瑞丽市',1,'533102','3',0),('533103','533100','潞西市',2,'533103','3',0),('533122','533100','梁河县',3,'533122','3',0),('533123','533100','盈江县',4,'533123','3',0),('533124','533100','陇川县',5,'533124','3',0),('533300','530000','怒江傈僳族自治州',15,'533300','2',0),('533321','533300','泸水县',1,'533321','3',0),('533323','533300','福贡县',2,'533323','3',0),('533324','533300','贡山独龙族怒族自治县',3,'533324','3',0),('533325','533300','兰坪白族普米族自治县',4,'533325','3',0),('533400','530000','迪庆藏族自治州',16,'533400','2',0),('533421','533400','香格里拉县',1,'533421','3',0),('533422','533400','德钦县',2,'533422','3',0),('533423','533400','维西傈僳族自治县',3,'533423','3',0),('540000','0','西藏自治区',26,'540000','1',0),('540100','540000','拉萨市',1,'540100','2',0),('540102','540100','城关区',2,'540102','3',0),('540121','540100','林周县',3,'540121','3',0),('540122','540100','当雄县',4,'540122','3',0),('540123','540100','尼木县',5,'540123','3',0),('540124','540100','曲水县',6,'540124','3',0),('540125','540100','堆龙德庆县',7,'540125','3',0),('540126','540100','达孜县',8,'540126','3',0),('540127','540100','墨竹工卡县',9,'540127','3',0),('542100','540000','昌都地区',2,'542100','2',0),('542121','542100','昌都县',1,'542121','3',0),('542122','542100','江达县',2,'542122','3',0),('542123','542100','贡觉县',3,'542123','3',0),('542124','542100','类乌齐县',4,'542124','3',0),('542125','542100','丁青县',5,'542125','3',0),('542126','542100','察雅县',6,'542126','3',0),('542127','542100','八宿县',7,'542127','3',0),('542128','542100','左贡县',8,'542128','3',0),('542129','542100','芒康县',9,'542129','3',0),('542132','542100','洛隆县',10,'542132','3',0),('542133','542100','边坝县',11,'542133','3',0),('542200','540000','山南地区',3,'542200','2',0),('542221','542200','乃东县',1,'542221','3',0),('542222','542200','扎囊县',2,'542222','3',0),('542223','542200','贡嘎县',3,'542223','3',0),('542224','542200','桑日县',4,'542224','3',0),('542225','542200','琼结县',5,'542225','3',0),('542226','542200','曲松县',6,'542226','3',0),('542227','542200','措美县',7,'542227','3',0),('542228','542200','洛扎县',8,'542228','3',0),('542229','542200','加查县',9,'542229','3',0),('542231','542200','隆子县',10,'542231','3',0),('542232','542200','错那县',11,'542232','3',0),('542233','542200','浪卡子县',12,'542233','3',0),('542300','540000','日喀则地区',4,'542300','2',0),('542301','542300','日喀则市',1,'542301','3',0),('542322','542300','南木林县',2,'542322','3',0),('542323','542300','江孜县',3,'542323','3',0),('542324','542300','定日县',4,'542324','3',0),('542325','542300','萨迦县',5,'542325','3',0),('542326','542300','拉孜县',6,'542326','3',0),('542327','542300','昂仁县',7,'542327','3',0),('542328','542300','谢通门县',8,'542328','3',0),('542329','542300','白朗县',9,'542329','3',0),('542330','542300','仁布县',10,'542330','3',0),('542331','542300','康马县',11,'542331','3',0),('542332','542300','定结县',12,'542332','3',0),('542333','542300','仲巴县',13,'542333','3',0),('542334','542300','亚东县',14,'542334','3',0),('542335','542300','吉隆县',15,'542335','3',0),('542336','542300','聂拉木县',16,'542336','3',0),('542337','542300','萨嘎县',17,'542337','3',0),('542338','542300','岗巴县',18,'542338','3',0),('542400','540000','那曲地区',5,'542400','2',0),('542421','542400','那曲县',1,'542421','3',0),('542422','542400','嘉黎县',2,'542422','3',0),('542423','542400','比如县',3,'542423','3',0),('542424','542400','聂荣县',4,'542424','3',0),('542425','542400','安多县',5,'542425','3',0),('542426','542400','申扎县',6,'542426','3',0),('542427','542400','索　县',7,'542427','3',0),('542428','542400','班戈县',8,'542428','3',0),('542429','542400','巴青县',9,'542429','3',0),('542430','542400','尼玛县',10,'542430','3',0),('542500','540000','阿里地区',6,'542500','2',0),('542521','542500','普兰县',1,'542521','3',0),('542522','542500','札达县',2,'542522','3',0),('542523','542500','噶尔县',3,'542523','3',0),('542524','542500','日土县',4,'542524','3',0),('542525','542500','革吉县',5,'542525','3',0),('542526','542500','改则县',6,'542526','3',0),('542527','542500','措勤县',7,'542527','3',0),('542600','540000','林芝地区',7,'542600','2',0),('542621','542600','林芝县',1,'542621','3',0),('542622','542600','工布江达县',2,'542622','3',0),('542623','542600','米林县',3,'542623','3',0),('542624','542600','墨脱县',4,'542624','3',0),('542625','542600','波密县',5,'542625','3',0),('542626','542600','察隅县',6,'542626','3',0),('542627','542600','朗　县',7,'542627','3',0),('610000','0','陕西省',27,'610000','1',0),('610100','610000','西安市',1,'610100','2',0),('610102','610100','新城区',2,'610102','3',0),('610103','610100','碑林区',3,'610103','3',0),('610104','610100','莲湖区',4,'610104','3',0),('610111','610100','灞桥区',5,'610111','3',0),('610112','610100','未央区',6,'610112','3',0),('610113','610100','雁塔区',7,'610113','3',0),('610114','610100','阎良区',8,'610114','3',0),('610115','610100','临潼区',9,'610115','3',0),('610116','610100','长安区',10,'610116','3',0),('610122','610100','蓝田县',11,'610122','3',0),('610124','610100','周至县',12,'610124','3',0),('610125','610100','户　县',13,'610125','3',0),('610126','610100','高陵县',14,'610126','3',0),('610200','610000','铜川市',2,'610200','2',0),('610202','610200','王益区',2,'610202','3',0),('610203','610200','印台区',3,'610203','3',0),('610204','610200','耀州区',4,'610204','3',0),('610222','610200','宜君县',5,'610222','3',0),('610300','610000','宝鸡市',3,'610300','2',0),('610302','610300','渭滨区',2,'610302','3',0),('610303','610300','金台区',3,'610303','3',0),('610304','610300','陈仓区',4,'610304','3',0),('610322','610300','凤翔县',5,'610322','3',0),('610323','610300','岐山县',6,'610323','3',0),('610324','610300','扶风县',7,'610324','3',0),('610326','610300','眉　县',8,'610326','3',0),('610327','610300','陇　县',9,'610327','3',0),('610328','610300','千阳县',10,'610328','3',0),('610329','610300','麟游县',11,'610329','3',0),('610330','610300','凤　县',12,'610330','3',0),('610331','610300','太白县',13,'610331','3',0),('610400','610000','咸阳市',4,'610400','2',0),('610402','610400','秦都区',2,'610402','3',0),('610403','610400','杨凌区',3,'610403','3',0),('610404','610400','渭城区',4,'610404','3',0),('610422','610400','三原县',5,'610422','3',0),('610423','610400','泾阳县',6,'610423','3',0),('610424','610400','乾　县',7,'610424','3',0),('610425','610400','礼泉县',8,'610425','3',0),('610426','610400','永寿县',9,'610426','3',0),('610427','610400','彬　县',10,'610427','3',0),('610428','610400','长武县',11,'610428','3',0),('610429','610400','旬邑县',12,'610429','3',0),('610430','610400','淳化县',13,'610430','3',0),('610431','610400','武功县',14,'610431','3',0),('610481','610400','兴平市',15,'610481','3',0),('610500','610000','渭南市',5,'610500','2',0),('610502','610500','临渭区',2,'610502','3',0),('610521','610500','华　县',3,'610521','3',0),('610522','610500','潼关县',4,'610522','3',0),('610523','610500','大荔县',5,'610523','3',0),('610524','610500','合阳县',6,'610524','3',0),('610525','610500','澄城县',7,'610525','3',0),('610526','610500','蒲城县',8,'610526','3',0),('610527','610500','白水县',9,'610527','3',0),('610528','610500','富平县',10,'610528','3',0),('610581','610500','韩城市',11,'610581','3',0),('610582','610500','华阴市',12,'610582','3',0),('610600','610000','延安市',6,'610600','2',0),('610602','610600','宝塔区',2,'610602','3',0),('610621','610600','延长县',3,'610621','3',0),('610622','610600','延川县',4,'610622','3',0),('610623','610600','子长县',5,'610623','3',0),('610624','610600','安塞县',6,'610624','3',0),('610625','610600','志丹县',7,'610625','3',0),('610626','610600','吴旗县',8,'610626','3',0),('610627','610600','甘泉县',9,'610627','3',0),('610628','610600','富　县',10,'610628','3',0),('610629','610600','洛川县',11,'610629','3',0),('610630','610600','宜川县',12,'610630','3',0),('610631','610600','黄龙县',13,'610631','3',0),('610632','610600','黄陵县',14,'610632','3',0),('610700','610000','汉中市',7,'610700','2',0),('610702','610700','汉台区',2,'610702','3',0),('610721','610700','南郑县',3,'610721','3',0),('610722','610700','城固县',4,'610722','3',0),('610723','610700','洋　县',5,'610723','3',0),('610724','610700','西乡县',6,'610724','3',0),('610725','610700','勉　县',7,'610725','3',0),('610726','610700','宁强县',8,'610726','3',0),('610727','610700','略阳县',9,'610727','3',0),('610728','610700','镇巴县',10,'610728','3',0),('610729','610700','留坝县',11,'610729','3',0),('610730','610700','佛坪县',12,'610730','3',0),('610800','610000','榆林市',8,'610800','2',0),('610802','610800','榆阳区',2,'610802','3',0),('610821','610800','神木县',3,'610821','3',0),('610822','610800','府谷县',4,'610822','3',0),('610823','610800','横山县',5,'610823','3',0),('610824','610800','靖边县',6,'610824','3',0),('610825','610800','定边县',7,'610825','3',0),('610826','610800','绥德县',8,'610826','3',0),('610827','610800','米脂县',9,'610827','3',0),('610828','610800','佳　县',10,'610828','3',0),('610829','610800','吴堡县',11,'610829','3',0),('610830','610800','清涧县',12,'610830','3',0),('610831','610800','子洲县',13,'610831','3',0),('610900','610000','安康市',9,'610900','2',0),('610902','610900','汉滨区',2,'610902','3',0),('610921','610900','汉阴县',3,'610921','3',0),('610922','610900','石泉县',4,'610922','3',0),('610923','610900','宁陕县',5,'610923','3',0),('610924','610900','紫阳县',6,'610924','3',0),('610925','610900','岚皋县',7,'610925','3',0),('610926','610900','平利县',8,'610926','3',0),('610927','610900','镇坪县',9,'610927','3',0),('610928','610900','旬阳县',10,'610928','3',0),('610929','610900','白河县',11,'610929','3',0),('611000','610000','商洛市',10,'611000','2',0),('611002','611000','商州区',2,'611002','3',0),('611021','611000','洛南县',3,'611021','3',0),('611022','611000','丹凤县',4,'611022','3',0),('611023','611000','商南县',5,'611023','3',0),('611024','611000','山阳县',6,'611024','3',0),('611025','611000','镇安县',7,'611025','3',0),('611026','611000','柞水县',8,'611026','3',0),('620000','0','甘肃省',28,'620000','1',0),('620100','620000','兰州市',1,'620100','2',0),('620102','620100','城关区',2,'620102','3',0),('620103','620100','七里河区',3,'620103','3',0),('620104','620100','西固区',4,'620104','3',0),('620105','620100','安宁区',5,'620105','3',0),('620111','620100','红古区',6,'620111','3',0),('620121','620100','永登县',7,'620121','3',0),('620122','620100','皋兰县',8,'620122','3',0),('620123','620100','榆中县',9,'620123','3',0),('620200','620000','嘉峪关市',2,'620200','2',0),('620300','620000','金昌市',3,'620300','2',0),('620302','620300','金川区',2,'620302','3',0),('620321','620300','永昌县',3,'620321','3',0),('620400','620000','白银市',4,'620400','2',0),('620402','620400','白银区',2,'620402','3',0),('620403','620400','平川区',3,'620403','3',0),('620421','620400','靖远县',4,'620421','3',0),('620422','620400','会宁县',5,'620422','3',0),('620423','620400','景泰县',6,'620423','3',0),('620500','620000','天水市',5,'620500','2',0),('620502','620500','秦城区',2,'620502','3',0),('620503','620500','北道区',3,'620503','3',0),('620521','620500','清水县',4,'620521','3',0),('620522','620500','秦安县',5,'620522','3',0),('620523','620500','甘谷县',6,'620523','3',0),('620524','620500','武山县',7,'620524','3',0),('620525','620500','张家川回族自治县',8,'620525','3',0),('620600','620000','武威市',6,'620600','2',0),('620602','620600','凉州区',2,'620602','3',0),('620621','620600','民勤县',3,'620621','3',0),('620622','620600','古浪县',4,'620622','3',0),('620623','620600','天祝藏族自治县',5,'620623','3',0),('620700','620000','张掖市',7,'620700','2',0),('620702','620700','甘州区',2,'620702','3',0),('620721','620700','肃南裕固族自治县',3,'620721','3',0),('620722','620700','民乐县',4,'620722','3',0),('620723','620700','临泽县',5,'620723','3',0),('620724','620700','高台县',6,'620724','3',0),('620725','620700','山丹县',7,'620725','3',0),('620800','620000','平凉市',8,'620800','2',0),('620802','620800','崆峒区',2,'620802','3',0),('620821','620800','泾川县',3,'620821','3',0),('620822','620800','灵台县',4,'620822','3',0),('620823','620800','崇信县',5,'620823','3',0),('620824','620800','华亭县',6,'620824','3',0),('620825','620800','庄浪县',7,'620825','3',0),('620826','620800','静宁县',8,'620826','3',0),('620900','620000','酒泉市',9,'620900','2',0),('620902','620900','肃州区',2,'620902','3',0),('620921','620900','金塔县',3,'620921','3',0),('620922','620900','安西县',4,'620922','3',0),('620923','620900','肃北蒙古族自治县',5,'620923','3',0),('620924','620900','阿克塞哈萨克族自治县',6,'620924','3',0),('620981','620900','玉门市',7,'620981','3',0),('620982','620900','敦煌市',8,'620982','3',0),('621000','620000','庆阳市',10,'621000','2',0),('621002','621000','西峰区',2,'621002','3',0),('621021','621000','庆城县',3,'621021','3',0),('621022','621000','环　县',4,'621022','3',0),('621023','621000','华池县',5,'621023','3',0),('621024','621000','合水县',6,'621024','3',0),('621025','621000','正宁县',7,'621025','3',0),('621026','621000','宁　县',8,'621026','3',0),('621027','621000','镇原县',9,'621027','3',0),('621100','620000','定西市',11,'621100','2',0),('621102','621100','安定区',2,'621102','3',0),('621121','621100','通渭县',3,'621121','3',0),('621122','621100','陇西县',4,'621122','3',0),('621123','621100','渭源县',5,'621123','3',0),('621124','621100','临洮县',6,'621124','3',0),('621125','621100','漳　县',7,'621125','3',0),('621126','621100','岷　县',8,'621126','3',0),('621200','620000','陇南市',12,'621200','2',0),('621202','621200','武都区',2,'621202','3',0),('621221','621200','成　县',3,'621221','3',0),('621222','621200','文　县',4,'621222','3',0),('621223','621200','宕昌县',5,'621223','3',0),('621224','621200','康　县',6,'621224','3',0),('621225','621200','西和县',7,'621225','3',0),('621226','621200','礼　县',8,'621226','3',0),('621227','621200','徽　县',9,'621227','3',0),('621228','621200','两当县',10,'621228','3',0),('622900','620000','临夏回族自治州',13,'622900','2',0),('622901','622900','临夏市',1,'622901','3',0),('622921','622900','临夏县',2,'622921','3',0),('622922','622900','康乐县',3,'622922','3',0),('622923','622900','永靖县',4,'622923','3',0),('622924','622900','广河县',5,'622924','3',0),('622925','622900','和政县',6,'622925','3',0),('622926','622900','东乡族自治县',7,'622926','3',0),('622927','622900','积石山保安族东乡族撒拉族自治县',8,'622927','3',0),('623000','620000','甘南藏族自治州',14,'623000','2',0),('623001','623000','合作市',1,'623001','3',0),('623021','623000','临潭县',2,'623021','3',0),('623022','623000','卓尼县',3,'623022','3',0),('623023','623000','舟曲县',4,'623023','3',0),('623024','623000','迭部县',5,'623024','3',0),('623025','623000','玛曲县',6,'623025','3',0),('623026','623000','碌曲县',7,'623026','3',0),('623027','623000','夏河县',8,'623027','3',0),('630000','0','青海省',29,'630000','1',0),('630100','630000','西宁市',1,'630100','2',0),('630102','630100','城东区',2,'630102','3',0),('630103','630100','城中区',3,'630103','3',0),('630104','630100','城西区',4,'630104','3',0),('630105','630100','城北区',5,'630105','3',0),('630121','630100','大通回族土族自治县',6,'630121','3',0),('630122','630100','湟中县',7,'630122','3',0),('630123','630100','湟源县',8,'630123','3',0),('632100','630000','海东地区',2,'632100','2',0),('632121','632100','平安县',1,'632121','3',0),('632122','632100','民和回族土族自治县',2,'632122','3',0),('632123','632100','乐都县',3,'632123','3',0),('632126','632100','互助土族自治县',4,'632126','3',0),('632127','632100','化隆回族自治县',5,'632127','3',0),('632128','632100','循化撒拉族自治县',6,'632128','3',0),('632200','630000','海北藏族自治州',3,'632200','2',0),('632221','632200','门源回族自治县',1,'632221','3',0),('632222','632200','祁连县',2,'632222','3',0),('632223','632200','海晏县',3,'632223','3',0),('632224','632200','刚察县',4,'632224','3',0),('632300','630000','黄南藏族自治州',4,'632300','2',0),('632321','632300','同仁县',1,'632321','3',0),('632322','632300','尖扎县',2,'632322','3',0),('632323','632300','泽库县',3,'632323','3',0),('632324','632300','河南蒙古族自治县',4,'632324','3',0),('632500','630000','海南藏族自治州',5,'632500','2',0),('632521','632500','共和县',1,'632521','3',0),('632522','632500','同德县',2,'632522','3',0),('632523','632500','贵德县',3,'632523','3',0),('632524','632500','兴海县',4,'632524','3',0),('632525','632500','贵南县',5,'632525','3',0),('632600','630000','果洛藏族自治州',6,'632600','2',0),('632621','632600','玛沁县',1,'632621','3',0),('632622','632600','班玛县',2,'632622','3',0),('632623','632600','甘德县',3,'632623','3',0),('632624','632600','达日县',4,'632624','3',0),('632625','632600','久治县',5,'632625','3',0),('632626','632600','玛多县',6,'632626','3',0),('632700','630000','玉树藏族自治州',7,'632700','2',0),('632721','632700','玉树县',1,'632721','3',0),('632722','632700','杂多县',2,'632722','3',0),('632723','632700','称多县',3,'632723','3',0),('632724','632700','治多县',4,'632724','3',0),('632725','632700','囊谦县',5,'632725','3',0),('632726','632700','曲麻莱县',6,'632726','3',0),('632800','630000','海西蒙古族藏族自治州',8,'632800','2',0),('632801','632800','格尔木市',1,'632801','3',0),('632802','632800','德令哈市',2,'632802','3',0),('632821','632800','乌兰县',3,'632821','3',0),('632822','632800','都兰县',4,'632822','3',0),('632823','632800','天峻县',5,'632823','3',0),('640000','0','宁夏回族自治区',30,'640000','1',0),('640100','640000','银川市',1,'640100','2',0),('640104','640100','兴庆区',2,'640104','3',0),('640105','640100','西夏区',3,'640105','3',0),('640106','640100','金凤区',4,'640106','3',0),('640121','640100','永宁县',5,'640121','3',0),('640122','640100','贺兰县',6,'640122','3',0),('640181','640100','灵武市',7,'640181','3',0),('640200','640000','石嘴山市',2,'640200','2',0),('640202','640200','大武口区',2,'640202','3',0),('640205','640200','惠农区',3,'640205','3',0),('640221','640200','平罗县',4,'640221','3',0),('640300','640000','吴忠市',3,'640300','2',0),('640302','640300','利通区',2,'640302','3',0),('640323','640300','盐池县',3,'640323','3',0),('640324','640300','同心县',4,'640324','3',0),('640381','640300','青铜峡市',5,'640381','3',0),('640400','640000','固原市',4,'640400','2',0),('640402','640400','原州区',2,'640402','3',0),('640422','640400','西吉县',3,'640422','3',0),('640423','640400','隆德县',4,'640423','3',0),('640424','640400','泾源县',5,'640424','3',0),('640425','640400','彭阳县',6,'640425','3',0),('640500','640000','中卫市',5,'640500','2',0),('640502','640500','沙坡头区',2,'640502','3',0),('640521','640500','中宁县',3,'640521','3',0),('640522','640500','海原县',4,'640522','3',0),('650000','0','新疆维吾尔自治区',31,'650000','1',0),('650100','650000','乌鲁木齐市',1,'650100','2',0),('650102','650100','天山区',2,'650102','3',0),('650103','650100','沙依巴克区',3,'650103','3',0),('650104','650100','新市区',4,'650104','3',0),('650105','650100','水磨沟区',5,'650105','3',0),('650106','650100','头屯河区',6,'650106','3',0),('650107','650100','达坂城区',7,'650107','3',0),('650108','650100','东山区',8,'650108','3',0),('650121','650100','乌鲁木齐县',9,'650121','3',0),('650200','650000','克拉玛依市',2,'650200','2',0),('650202','650200','独山子区',2,'650202','3',0),('650203','650200','克拉玛依区',3,'650203','3',0),('650204','650200','白碱滩区',4,'650204','3',0),('650205','650200','乌尔禾区',5,'650205','3',0),('652100','650000','吐鲁番地区',3,'652100','2',0),('652101','652100','吐鲁番市',1,'652101','3',0),('652122','652100','鄯善县',2,'652122','3',0),('652123','652100','托克逊县',3,'652123','3',0),('652200','650000','哈密地区',4,'652200','2',0),('652201','652200','哈密市',1,'652201','3',0),('652222','652200','巴里坤哈萨克自治县',2,'652222','3',0),('652223','652200','伊吾县',3,'652223','3',0),('652300','650000','昌吉回族自治州',5,'652300','2',0),('652301','652300','昌吉市',1,'652301','3',0),('652302','652300','阜康市',2,'652302','3',0),('652303','652300','米泉市',3,'652303','3',0),('652323','652300','呼图壁县',4,'652323','3',0),('652324','652300','玛纳斯县',5,'652324','3',0),('652325','652300','奇台县',6,'652325','3',0),('652327','652300','吉木萨尔县',7,'652327','3',0),('652328','652300','木垒哈萨克自治县',8,'652328','3',0),('652700','650000','博尔塔拉蒙古自治州',6,'652700','2',0),('652701','652700','博乐市',1,'652701','3',0),('652722','652700','精河县',2,'652722','3',0),('652723','652700','温泉县',3,'652723','3',0),('652800','650000','巴音郭楞蒙古自治州',7,'652800','2',0),('652801','652800','库尔勒市',1,'652801','3',0),('652822','652800','轮台县',2,'652822','3',0),('652823','652800','尉犁县',3,'652823','3',0),('652824','652800','若羌县',4,'652824','3',0),('652825','652800','且末县',5,'652825','3',0),('652826','652800','焉耆回族自治县',6,'652826','3',0),('652827','652800','和静县',7,'652827','3',0),('652828','652800','和硕县',8,'652828','3',0),('652829','652800','博湖县',9,'652829','3',0),('652900','650000','阿克苏地区',8,'652900','2',0),('652901','652900','阿克苏市',1,'652901','3',0),('652922','652900','温宿县',2,'652922','3',0),('652923','652900','库车县',3,'652923','3',0),('652924','652900','沙雅县',4,'652924','3',0),('652925','652900','新和县',5,'652925','3',0),('652926','652900','拜城县',6,'652926','3',0),('652927','652900','乌什县',7,'652927','3',0),('652928','652900','阿瓦提县',8,'652928','3',0),('652929','652900','柯坪县',9,'652929','3',0),('653000','650000','克孜勒苏柯尔克孜自治州',9,'653000','2',0),('653001','653000','阿图什市',1,'653001','3',0),('653022','653000','阿克陶县',2,'653022','3',0),('653023','653000','阿合奇县',3,'653023','3',0),('653024','653000','乌恰县',4,'653024','3',0),('653100','650000','喀什地区',10,'653100','2',0),('653101','653100','喀什市',1,'653101','3',0),('653121','653100','疏附县',2,'653121','3',0),('653122','653100','疏勒县',3,'653122','3',0),('653123','653100','英吉沙县',4,'653123','3',0),('653124','653100','泽普县',5,'653124','3',0),('653125','653100','莎车县',6,'653125','3',0),('653126','653100','叶城县',7,'653126','3',0),('653127','653100','麦盖提县',8,'653127','3',0),('653128','653100','岳普湖县',9,'653128','3',0),('653129','653100','伽师县',10,'653129','3',0),('653130','653100','巴楚县',11,'653130','3',0),('653131','653100','塔什库尔干塔吉克自治县',12,'653131','3',0),('653200','650000','和田地区',11,'653200','2',0),('653201','653200','和田市',1,'653201','3',0),('653221','653200','和田县',2,'653221','3',0),('653222','653200','墨玉县',3,'653222','3',0),('653223','653200','皮山县',4,'653223','3',0),('653224','653200','洛浦县',5,'653224','3',0),('653225','653200','策勒县',6,'653225','3',0),('653226','653200','于田县',7,'653226','3',0),('653227','653200','民丰县',8,'653227','3',0),('654000','650000','伊犁哈萨克自治州',12,'654000','2',0),('654002','654000','伊宁市',1,'654002','3',0),('654003','654000','奎屯市',2,'654003','3',0),('654021','654000','伊宁县',3,'654021','3',0),('654022','654000','察布查尔锡伯自治县',4,'654022','3',0),('654023','654000','霍城县',5,'654023','3',0),('654024','654000','巩留县',6,'654024','3',0),('654025','654000','新源县',7,'654025','3',0),('654026','654000','昭苏县',8,'654026','3',0),('654027','654000','特克斯县',9,'654027','3',0),('654028','654000','尼勒克县',10,'654028','3',0),('654200','650000','塔城地区',13,'654200','2',0),('654201','654200','塔城市',1,'654201','3',0),('654202','654200','乌苏市',2,'654202','3',0),('654221','654200','额敏县',3,'654221','3',0),('654223','654200','沙湾县',4,'654223','3',0),('654224','654200','托里县',5,'654224','3',0),('654225','654200','裕民县',6,'654225','3',0),('654226','654200','和布克赛尔蒙古自治县',7,'654226','3',0),('654300','650000','阿勒泰地区',14,'654300','2',0),('654301','654300','阿勒泰市',1,'654301','3',0),('654321','654300','布尔津县',2,'654321','3',0),('654322','654300','富蕴县',3,'654322','3',0),('654323','654300','福海县',4,'654323','3',0),('654324','654300','哈巴河县',5,'654324','3',0),('654325','654300','青河县',6,'654325','3',0),('654326','654300','吉木乃县',7,'654326','3',0),('659000','650000','省直辖行政单位',15,'659000','2',0),('659001','659000','石河子市',1,'659001','3',0),('659002','659000','阿拉尔市',2,'659002','3',0),('659003','659000','图木舒克市',3,'659003','3',0),('659004','659000','五家渠市',4,'659004','3',0),('710000','0','台湾省',32,'710000','1',0),('810000','0','香港特别行政区',33,'810000','1',0),('820000','0','澳门特别行政区',34,'820000','1',0);

UNLOCK TABLES;

/*Table structure for table `sys_dictionary` */

DROP TABLE IF EXISTS `sys_dictionary`;

CREATE TABLE `sys_dictionary` (
  `id` BIGINT(20) NOT NULL AUTO_INCREMENT COMMENT '主键',
  `lable` VARCHAR(100) DEFAULT NULL COMMENT '显示的字符',
  `value` VARCHAR(100) DEFAULT NULL COMMENT '值',
  `type` VARCHAR(100) DEFAULT NULL COMMENT '类型',
  `sort` DECIMAL(16,2) DEFAULT NULL COMMENT '排序(升序)',
  `description` VARCHAR(100) DEFAULT NULL COMMENT '描述',
  PRIMARY KEY (`id`)
) ENGINE=INNODB AUTO_INCREMENT=43 DEFAULT CHARSET=utf8;

/*Data for the table `sys_dictionary` */

LOCK TABLES `sys_dictionary` WRITE;

INSERT  INTO `sys_dictionary`(`id`,`lable`,`value`,`type`,`sort`,`description`) VALUES (1,'国家','1','area',1.11,''),(2,'省份/直辖市','2','area',1.12,''),(3,'地市','3','area',1.13,''),(4,'区/县','4','area',1.14,''),(5,'公司','1','sys_office_type',2.11,''),(6,'部门','2','sys_office_type',2.12,''),(7,'小组','3','sys_office_type',2.13,''),(8,'其它','4','sys_office_type',2.14,''),(9,'微信','1','pay_type',3.11,''),(33,'支付宝','2','pay_type',3.12,''),(39,'男','1','sex',1.11,NULL),(40,'女','0','sex',1.12,NULL),(41,'未锁','1','lock',1.11,NULL),(42,'已锁','0','lock',1.12,NULL);

UNLOCK TABLES;

/*Table structure for table `sys_employee` */

DROP TABLE IF EXISTS `sys_employee`;

CREATE TABLE `sys_employee` (
  `employeeID` BIGINT(20) NOT NULL AUTO_INCREMENT COMMENT '主键',
  `name` VARCHAR(35) DEFAULT NULL COMMENT '登陆名',
  `email` VARCHAR(50) DEFAULT NULL COMMENT '邮箱',
  `mobile` VARCHAR(15) DEFAULT NULL COMMENT '联系手机',
  `jobNumber` VARCHAR(35) DEFAULT NULL COMMENT '工号',
  `pws` VARCHAR(60) DEFAULT NULL COMMENT '密码',
  `realName` VARCHAR(35) DEFAULT NULL COMMENT '真实姓名',
  `officeID` INT(11) DEFAULT NULL COMMENT '机构ID',
  `sex` TINYINT(1) DEFAULT NULL COMMENT '性别(0:女, 1:男)',
  `photo` VARCHAR(100) DEFAULT NULL COMMENT '头像照片',
  `loginLock` TINYINT(1) DEFAULT NULL COMMENT '登陆锁(0:已锁, 1:未锁)',
  `delFlag` TINYINT(1) DEFAULT NULL COMMENT '删除标识(0:已删除, 1:正常)',
  `createTime` DATETIME DEFAULT NULL COMMENT '创建时间',
  PRIMARY KEY (`employeeID`)
) ENGINE=INNODB AUTO_INCREMENT=22 DEFAULT CHARSET=utf8;

/*Data for the table `sys_employee` */

LOCK TABLES `sys_employee` WRITE;

INSERT  INTO `sys_employee`(`employeeID`,`name`,`email`,`mobile`,`jobNumber`,`pws`,`realName`,`officeID`,`sex`,`photo`,`loginLock`,`delFlag`,`createTime`) VALUES (1,'underset','21654428@qq.com','13559193463','1234567','111111','林少君',5,1,'../../static/images/man.jpg',1,1,NULL),(2,'LoderStar','216544281@qq.com','13559193461','111111','111111','张翠华',5,0,'../../static/images/woman.jpg',1,1,NULL),(3,'underset2',NULL,NULL,'111111','111111','你好!',5,1,'../../static/images/defaultPhoto.jpg',1,1,NULL),(4,'underset3',NULL,NULL,'rtdyj','111111','就不告诉你!',4,1,'../../static/images/defaultPhoto.jpg',1,1,NULL),(5,'hello啊, 亲','邮箱','手机号码','336699','111111','就不告诉你1',2,1,'../../static/images/defaultPhoto.jpg',1,1,NULL),(6,'hello啊, 亲2','邮箱','手机号码','225588','111111','就不告诉你123',2,1,'../../static/images/man.jpg',1,1,NULL),(7,'1','1','1','1','1','1',5,1,'../../static/images/defaultPhoto.jpg',1,1,NULL),(8,'2','2','2','2','2','2',3,1,'../../static/images/man.jpg',1,1,NULL),(9,'3','3','3','3','3','3',4,1,'../../static/images/defaultPhoto.jpg',1,1,NULL),(10,'4','4','4','4','4','4',5,0,'../../static/images/defaultPhoto.jpg',1,1,NULL),(11,'5','5','5','5','5','5',3,1,'../../static/images/defaultPhoto.jpg',1,1,NULL),(12,'6','6','6','6','6','6',5,1,'../../static/images/defaultPhoto.jpg',0,1,NULL),(13,'7','7','7','7','7','7',4,1,'../../static/images/defaultPhoto.jpg',1,0,NULL),(14,'8','8','8','8','8','8',5,1,'../../static/images/defaultPhoto.jpg',1,0,'2018-09-22 15:30:25'),(15,'9','9','9','9','9','9',2,0,'../../static/images/woman.jpg',1,0,NULL),(16,'登陆名','邮箱','手机号码','工号','密码','真实姓名',5,1,'../../static/images/defaultPhoto.jpg',1,1,'2018-09-22 17:10:10'),(17,'11','11','11','11','11','11',3,1,'../../static/images/defaultPhoto.jpg',1,1,'2018-09-22 17:14:32'),(18,'22','22','22','22','22','22',5,1,'../../static/images/defaultPhoto.jpg',1,1,NULL),(19,'55','55','55','55','55','55',5,1,'../../static/images/man.jpg',1,1,NULL),(20,'66','66','66','66','66','66',4,0,'../../static/images/woman.jpg',1,1,NULL);

UNLOCK TABLES;

/*Table structure for table `sys_menu` */

DROP TABLE IF EXISTS `sys_menu`;

CREATE TABLE `sys_menu` (
  `menuID` INT(11) NOT NULL AUTO_INCREMENT COMMENT '主键',
  `parentID` INT(11) DEFAULT 0 COMMENT '父级ID',
  `icon` VARCHAR(100) DEFAULT NULL COMMENT '图标',
  `title` VARCHAR(50) DEFAULT NULL COMMENT '标题',
  `href` VARCHAR(200) DEFAULT NULL COMMENT '链接',
  `sort` DECIMAL(16,2) DEFAULT NULL COMMENT '排序号',
  `showFlag` TINYINT(1) DEFAULT NULL COMMENT '是否显示(0:不显示, 1:显示)',
  PRIMARY KEY (`menuID`)
) ENGINE=INNODB AUTO_INCREMENT=50 DEFAULT CHARSET=utf8;

/*Data for the table `sys_menu` */

LOCK TABLES `sys_menu` WRITE;

INSERT  INTO `sys_menu`(`menuID`,`parentID`,`icon`,`title`,`href`,`sort`,`showFlag`) VALUES (1,0,'fa fa-podcast','系统监控','#',1000.11,1),(2,1,NULL,'日志查询','#',1.12,1),(3,1,NULL,'连接池监控','#',1.11,1),(4,0,'menu-icon fa fa-cog','系统设置','#',999.11,1),(5,4,NULL,'菜单管理','menuList.html',1.11,1),(6,4,NULL,'角色管理','roleManage.html',1.13,1),(7,4,NULL,'机构管理','#',1.14,1),(8,4,'','用户管理','#',1.12,1),(9,4,NULL,'字典管理','#',1.15,1),(13,0,'fa fa-institution','系统首页','index.html',1.11,1),(14,0,'menu-icon fa fa-comments-o','留言',NULL,8.11,1),(15,0,'menu-icon fa fa-picture-o','广告图片管理',NULL,7.11,1),(16,0,'menu-icon fa fa-laptop','店铺管理',NULL,6.11,1),(17,16,NULL,'店铺列表',NULL,5.20,1),(18,16,NULL,'店铺审核',NULL,5.10,1),(19,0,'menu-icon fa fa-list','交易管理',NULL,5.11,1),(20,19,NULL,'订单列表',NULL,6.30,1),(21,19,NULL,'退款列表',NULL,6.20,1),(22,19,NULL,'促销管理',NULL,6.10,1),(23,0,'menu-icon fa fa-product-hunt','商品管理',NULL,4.11,1),(24,23,'','商品列表','product/product-list.html',1.12,1),(25,23,'','品牌管理','#',1.13,1),(26,23,'','分类管理','product/product-category.html',1.11,1),(27,0,'menu-icon fa fa-truck','仓库管理','#',3.11,1),(28,27,NULL,'仓库列表',NULL,8.90,1),(29,27,'','商品入库','#',8.81,1),(31,0,'fa fa-user-circle','会员管理','#',2.11,1),(32,31,'fa fa-superpowers','会员列表','member/member-list.html',2.12,1),(33,31,'fa fa-rmb','充值记录','member/recharge-list.html',2.13,1),(34,31,'fa fa-address-book','消费记录','#',2.14,1);

UNLOCK TABLES;

/*Table structure for table `sys_office` */

DROP TABLE IF EXISTS `sys_office`;

CREATE TABLE `sys_office` (
  `officeID` INT(11) NOT NULL AUTO_INCREMENT COMMENT '编号',
  `parentID` INT(11) DEFAULT -1 COMMENT '父级编号',
  `areaID` VARCHAR(20) DEFAULT NULL COMMENT '归属区域',
  `treeGrade` TINYINT(1) DEFAULT NULL COMMENT '(1:最顶级父节点, 2:非顶级父节点, 3:最底层节点)',
  `childID` VARCHAR(100) DEFAULT NULL COMMENT '子节点的ID',
  `name` VARCHAR(25) CHARACTER SET utf8 COLLATE utf8_bin DEFAULT NULL COMMENT '名称',
  `sort` DECIMAL(16,2) DEFAULT NULL COMMENT '排序',
  `type` INT(11) DEFAULT NULL COMMENT '机构类型',
  `address` VARCHAR(100) CHARACTER SET utf8 COLLATE utf8_bin DEFAULT NULL COMMENT '联系地址',
  `zipCode` VARCHAR(15) CHARACTER SET utf8 COLLATE utf8_bin DEFAULT NULL COMMENT '邮政编码',
  `master` VARCHAR(35) CHARACTER SET utf8 COLLATE utf8_bin DEFAULT NULL COMMENT '负责人',
  `phone` VARCHAR(50) CHARACTER SET utf8 COLLATE utf8_bin DEFAULT NULL COMMENT '电话',
  `fax` VARCHAR(50) CHARACTER SET utf8 COLLATE utf8_bin DEFAULT NULL COMMENT '传真',
  `email` VARCHAR(50) CHARACTER SET utf8 COLLATE utf8_bin DEFAULT NULL COMMENT '邮箱',
  `useable` TINYINT(1) DEFAULT NULL COMMENT '是否启用',
  `remarks` VARCHAR(255) CHARACTER SET utf8 COLLATE utf8_bin DEFAULT NULL COMMENT '备注信息',
  PRIMARY KEY (`officeID`)
) ENGINE=INNODB AUTO_INCREMENT=89 DEFAULT CHARSET=utf8 COMMENT='机构表';

/*Data for the table `sys_office` */

LOCK TABLES `sys_office` WRITE;

INSERT  INTO `sys_office`(`officeID`,`parentID`,`areaID`,`treeGrade`,`childID`,`name`,`sort`,`type`,`address`,`zipCode`,`master`,`phone`,`fax`,`email`,`useable`,`remarks`) VALUES (1,0,'620302',NULL,NULL,'总公司',1.11,1,'地址1','1','','','x1','e1',1,'r1'),(2,1,'710000',NULL,NULL,'财务部',1.12,2,'地址2','2','张三','13559193460','x2','e2',1,'r2'),(3,1,'350104',NULL,NULL,'市场部',1.13,4,'地址3','3','李四','13559193461','x3','e3',1,'r3'),(4,1,'110103',NULL,NULL,'行政部',1.14,2,'地址4','4','王五','13559193462','x4','e4',1,'r4'),(5,1,'350206',2,NULL,'技术部',1.15,2,'地址5','5','赵六','13559193463','x5','e5',1,'r5'),(87,0,'120105',NULL,NULL,'aaa',1.11,1,'','','','','','',1,''),(88,87,'350103',NULL,NULL,'bbb',1.11,2,'','','','','','',1,'');

UNLOCK TABLES;

/*Table structure for table `sys_operatelog` */

DROP TABLE IF EXISTS `sys_operatelog`;

CREATE TABLE `sys_operatelog` (
  `id` INT(11) NOT NULL AUTO_INCREMENT COMMENT '操作日志id',
  `username` VARCHAR(20) DEFAULT NULL COMMENT '操作人',
  `module` VARCHAR(30) DEFAULT NULL COMMENT '执行模块',
  `methods` VARCHAR(50) DEFAULT NULL COMMENT '执行方法',
  `content` VARCHAR(255) DEFAULT NULL COMMENT '操作内容',
  `actionurl` VARCHAR(50) DEFAULT NULL COMMENT '请求路径',
  `ip` VARCHAR(50) DEFAULT NULL COMMENT 'IP地址',
  `date` DATETIME DEFAULT NULL COMMENT '操作时间',
  `commite` TINYINT(2) DEFAULT NULL COMMENT '执行描述（1:执行成功、2:执行失败）',
  PRIMARY KEY (`id`)
) ENGINE=INNODB DEFAULT CHARSET=utf8;

/*Data for the table `sys_operatelog` */

LOCK TABLES `sys_operatelog` WRITE;

UNLOCK TABLES;

/*Table structure for table `sys_resources` */

DROP TABLE IF EXISTS `sys_resources`;

CREATE TABLE `sys_resources` (
  `resourcesID` INT(11) NOT NULL AUTO_INCREMENT COMMENT '主键',
  `parentID` INT(11) DEFAULT 0 COMMENT '父级ID',
  `icon` VARCHAR(100) DEFAULT NULL COMMENT '图标',
  `title` VARCHAR(50) DEFAULT NULL COMMENT '标题',
  `href` VARCHAR(200) DEFAULT NULL COMMENT '链接',
  `sort` DECIMAL(16,2) DEFAULT NULL COMMENT '排序号',
  `showFlag` TINYINT(1) DEFAULT NULL COMMENT '是否显示(0:不显示, 1:显示)',
  `type` TINYINT(1) DEFAULT NULL COMMENT '权限类型(1:菜单, 2:按钮)',
  PRIMARY KEY (`resourcesID`)
) ENGINE=INNODB AUTO_INCREMENT=65 DEFAULT CHARSET=utf8;

/*Data for the table `sys_resources` */

LOCK TABLES `sys_resources` WRITE;

INSERT  INTO `sys_resources`(`resourcesID`,`parentID`,`icon`,`title`,`href`,`sort`,`showFlag`,`type`) VALUES (4,0,'menu-icon fa fa-cog','系统设置','#',999.11,1,1),(5,4,'fa fa-folder-open','资源管理','sys/resources/list',1.11,1,1),(6,4,'fa fa-address-book','角色管理','sys/role/role-list',1.13,1,1),(7,4,'fa fa-tree','机构管理','sys/office/office-list',1.14,1,1),(8,4,'fa fa-user-circle-o','员工管理','sys/employee/employee-list',1.12,1,1),(9,4,'fa fa-book','字典管理','sys/dictionary/dictionary-list',1.15,1,1),(13,0,'menu-icon fa fa-home fa-fw','系统首页','welcome',1.11,1,1),(14,0,'menu-icon fa fa-comments-o','留言',NULL,8.11,1,1),(15,0,'menu-icon fa fa-picture-o','广告图片管理','#',8.11,1,1),(16,0,'menu-icon fa fa-laptop','店铺管理',NULL,6.11,1,1),(17,16,NULL,'店铺列表',NULL,5.20,1,1),(18,16,NULL,'店铺审核',NULL,5.10,1,1),(19,0,'menu-icon fa fa-list','交易管理',NULL,5.11,1,1),(20,19,NULL,'订单列表','#',6.11,1,1),(21,19,NULL,'退款列表','#',6.12,1,1),(22,0,'menu-icon fa fa-usd','促销管理','#',7.11,1,1),(23,0,'menu-icon fa fa-product-hunt','商品管理',NULL,4.11,1,1),(24,23,'','商品列表','product/product-list',1.12,1,1),(25,23,'','品牌管理','#',1.13,1,1),(26,23,NULL,'分类管理','productCategory/list',1.11,1,1),(27,0,'menu-icon fa fa-truck','仓库管理','#',3.11,1,1),(28,27,'fa fa-cube','仓库列表','#',1.12,1,1),(29,27,'fa fa-ambulance','商品入库','#',8.81,1,1),(41,28,NULL,'新增','#',1.11,1,2),(42,28,NULL,'修改','#',1.12,1,2),(43,28,NULL,'删除','#',1.13,1,2),(52,0,'menu-icon fa fa-address-book','会员列表','member/member-list',1.12,1,1),(54,22,NULL,'红包','#',1.11,1,1),(55,22,NULL,'优惠劵','#',1.12,1,1),(56,19,NULL,'售后','#',6.13,1,1),(57,56,NULL,'退货申请','#',1.11,1,1),(58,56,NULL,'换货申请','#',1.12,1,1),(59,28,NULL,'查看','#',1.14,1,2);

UNLOCK TABLES;

/*Table structure for table `sys_role` */

DROP TABLE IF EXISTS `sys_role`;

CREATE TABLE `sys_role` (
  `roleID` INT(11) NOT NULL AUTO_INCREMENT COMMENT '主键',
  `name` VARCHAR(35) NOT NULL COMMENT '角色名称',
  `validFlag` TINYINT(1) DEFAULT NULL COMMENT '有效性标识(0:无效, 1:有效)',
  `sort` DECIMAL(10,2) DEFAULT NULL COMMENT '排序',
  `createTime` DATETIME DEFAULT NULL COMMENT '创建时间',
  `remark` VARCHAR(100) DEFAULT NULL COMMENT '备注',
  PRIMARY KEY (`roleID`)
) ENGINE=INNODB AUTO_INCREMENT=6 DEFAULT CHARSET=utf8;

/*Data for the table `sys_role` */

LOCK TABLES `sys_role` WRITE;

INSERT  INTO `sys_role`(`roleID`,`name`,`validFlag`,`sort`,`createTime`,`remark`) VALUES (4,'系统管理员',1,1.11,'2018-10-05 15:44:07','系统管理员'),(5,'管理员',1,1.12,'2018-10-15 09:58:50','管理员');

UNLOCK TABLES;

/*Table structure for table `sys_role_employee` */

DROP TABLE IF EXISTS `sys_role_employee`;

CREATE TABLE `sys_role_employee` (
  `ID` INT(11) NOT NULL AUTO_INCREMENT COMMENT '主键',
  `roleID` INT(11) DEFAULT NULL COMMENT '角色ID',
  `employeeID` BIGINT(20) DEFAULT NULL COMMENT '用户ID',
  PRIMARY KEY (`ID`)
) ENGINE=INNODB AUTO_INCREMENT=197 DEFAULT CHARSET=utf8;

/*Data for the table `sys_role_employee` */

LOCK TABLES `sys_role_employee` WRITE;

INSERT  INTO `sys_role_employee`(`ID`,`roleID`,`employeeID`) VALUES (171,3,4),(172,3,5),(173,3,6),(175,5,2),(186,4,2),(196,4,1);

UNLOCK TABLES;

/*Table structure for table `sys_role_resources` */

DROP TABLE IF EXISTS `sys_role_resources`;

CREATE TABLE `sys_role_resources` (
  `ID` VARCHAR(36) NOT NULL COMMENT '主键',
  `roleID` INT(11) DEFAULT NULL COMMENT '角色ID',
  `resourcesID` INT(11) DEFAULT NULL COMMENT '资源ID',
  PRIMARY KEY (`ID`)
) ENGINE=INNODB DEFAULT CHARSET=utf8;

/*Data for the table `sys_role_resources` */

LOCK TABLES `sys_role_resources` WRITE;

INSERT  INTO `sys_role_resources`(`ID`,`roleID`,`resourcesID`) VALUES ('07ece3eb8a474b479cbd2773b22600dd',3,41),('10fb8d5115a749b1a9258e9a6111718e',4,58),('170ceb2864554a70b9ca0b720ca14471',4,29),('23e0cb125fe54f2fa48421014ed352a3',4,18),('24fc49f3d75d4238ae48cfaeb6faae0c',4,7),('25788fe839b24397803c0faa4d2d505d',4,21),('2e4a6ce7426d4f9583225b722ad88cd7',4,22),('3023217c449d40348c8fffe40ca07d16',3,28),('508aabf64e114b7f93165ae07af05911',4,28),('51238090785c4dcabdf4052d0d3080be',4,57),('51aeff0aafb649e9a57bc635e072cac4',4,5),('552f39415b7f47f4aeb954adf43573d9',4,26),('5e86f717675f4da1a720a1606ecfa26a',4,25),('5fab768b73754abaa6a959d9c934fd38',3,58),('67c19459670b4f118db72164e51d6aea',4,59),('78d2da8e88ed447baf4651668e12acb4',4,6),('7d576f8018014655ba8887740fba24cb',4,27),('823388f4443941a2b7cb8e8e9ccee3ce',4,19),('8264817131a549d0b6709bd77d43b5ed',4,56),('88d6ac989f704d56abbea576a7c8f9eb',4,8),('8a12980833f5431fb9ff58a84ce9cebf',4,24),('8b75619de026447a83e290066416d559',3,56),('8ea4de491d8348c781055e402bc12948',4,52),('8f170a8d7a184f56a4ab5cb1d938fe3e',5,52),('972cfbb3a6b84243b1f79b897d7e728e',4,23),('977180a0d3ad47c4bb3c1ba878b3b7fb',3,20),('993bd2872dec46bfa75dedfd28896454',5,13),('9d1806e3b0be4d258a31382af6a48343',5,23),('b3b06e5a636b4ae98f954107929b9d27',5,25),('b606e1334dcf415699ece614ea1966a2',4,41),('b675e0b69837408aaa40d488391ff9e5',3,21),('bb838c45359a4d9086445e49bc2f485f',4,54),('c2c30f96bf1242a4ae9c228a38f58f9d',5,26),('c59288fc36724e8eaa166d174c285698',4,13),('ccaf4747ca0c4ed8806b4ff0e1933b61',4,17),('d0d642a4b70543369c2a7849218a2b8e',3,29),('d32412d03f4c4c01a5467d8605af6702',5,31),('d550201d62b54f0ca16c48be29125660',4,9),('dafab4b851f2408584adec3ef25bf166',4,14),('de6cc14fec99481bb99abdc838945255',4,42),('e201792768e847d48fafb7a5bdbd9764',4,55),('e2c4a5151e48460e93a6e0e92d80ad2e',4,20),('ec972485f27e41ee934fd6b11e1cc2b3',3,27),('ef30e2937c5542b5a0c655557b515d38',4,43),('efb4ab95c60e478e8f2faacd8fc8a67e',5,53),('f4139a33feba4e87b9b2b9dd4946c38c',3,43),('f6c52c7a6f3d4aada89b1a454a9fc309',4,16),('f76166246fb04f9c8bf1355864da4a3b',5,24),('f8d582fd64f74718874e804edcd64eea',4,4),('f90dbd00d01d4bd1aac208d608e4de50',3,19),('fdeb9012fc464b5f942cd6b0be192022',4,15),('ff386adc597f4e3cbcbac0d8f26a7659',3,57);

UNLOCK TABLES;

/*!40101 SET SQL_MODE=@OLD_SQL_MODE */;
/*!40014 SET FOREIGN_KEY_CHECKS=@OLD_FOREIGN_KEY_CHECKS */;
/*!40014 SET UNIQUE_CHECKS=@OLD_UNIQUE_CHECKS */;
/*!40111 SET SQL_NOTES=@OLD_SQL_NOTES */;
